scopus_id,affiliation_name,affiliation_city,affiliation_country
SCOPUS_ID:84862813499,Peking University,Beijing,China
SCOPUS_ID:84862813499,Chinese Academy of Sciences,Beijing,China
SCOPUS_ID:80052410547,Peking University,Beijing,China
SCOPUS_ID:80052410547,University Michigan Ann Arbor,Ann Arbor,United States
SCOPUS_ID:79960865867,Peking University,Beijing,China
SCOPUS_ID:77955797120,Peking University,Beijing,China
SCOPUS_ID:84988492901,Peking University,Beijing,China
SCOPUS_ID:77957577773,Peking University,Beijing,China
SCOPUS_ID:0034505609,Peking University,Beijing,China
SCOPUS_ID:0034496887,Peking University,Beijing,China
SCOPUS_ID:84949925005,Peking University,Beijing,China
SCOPUS_ID:84946689529,Peking University,Beijing,China
SCOPUS_ID:85021946271,Peking University,Beijing,China
SCOPUS_ID:85018507225,Peking University,Beijing,China
SCOPUS_ID:24744449069,Peking University,Beijing,China
SCOPUS_ID:0141724760,Peking University,Beijing,China
SCOPUS_ID:84859978325,Peking University,Beijing,China
SCOPUS_ID:65349104569,Peking University,Beijing,China
SCOPUS_ID:0029512963,Peking University,Beijing,China
SCOPUS_ID:0028880240,Peking University,Beijing,China
SCOPUS_ID:85019362978,Peking University,Beijing,China
SCOPUS_ID:72749102808,Shenzhen University,"Qingshuihe, Shenzhen",China
SCOPUS_ID:72149093492,Peking University,Beijing,China
SCOPUS_ID:85016287967,Peking University,Beijing,China
SCOPUS_ID:85027685157,Peking University,Beijing,China
SCOPUS_ID:77949885204,Peking University,Beijing,China
SCOPUS_ID:57249098377,Peking University,Beijing,China
SCOPUS_ID:84860126383,Qilu Hospital of Shandong University,Jinan,China
SCOPUS_ID:82855164033,Qilu Hospital of Shandong University,Jinan,China
SCOPUS_ID:84938901914,Peking University,Beijing,China
SCOPUS_ID:84954569875,Peking University,Beijing,China
SCOPUS_ID:84929501578,Peking University,Beijing,China
SCOPUS_ID:84882960644,Peking University,Beijing,China
SCOPUS_ID:84892558997,Peking University,Beijing,China
SCOPUS_ID:84892558997,University of Tennessee Health Science Center,Memphis,United States
SCOPUS_ID:77956224713,Peking University,Beijing,China
SCOPUS_ID:64849100991,Peking University,Beijing,China
SCOPUS_ID:84946691081,Peking University,Beijing,China
SCOPUS_ID:84946687834,Peking University,Beijing,China
SCOPUS_ID:84946687834,Peking University,Beijing,China
SCOPUS_ID:84894071164,Peking University,Beijing,China
SCOPUS_ID:84894071164,General Hospital of TISCO,Taiyuan,China
SCOPUS_ID:84874629081,Peking University,Beijing,China
SCOPUS_ID:84992390522,Peking University,Beijing,China
SCOPUS_ID:84992390522,Peking University,Beijing,China
SCOPUS_ID:84992390522,Radboud University Nijmegen Medical Centre,Nijmegen,Netherlands
SCOPUS_ID:84992390522,Donders Institute for Brain,Nijmegen,Netherlands
SCOPUS_ID:84955603859,Peking University,Beijing,China
SCOPUS_ID:84955603859,Peking University,Beijing,China
SCOPUS_ID:84994498917,Shaanxi Sci-Tech University,,China
SCOPUS_ID:84876933607,Anhui Normal University,Wuhu,China
SCOPUS_ID:20444362767,Peking University,Beijing,China
SCOPUS_ID:0035523142,Peking University,Beijing,China
SCOPUS_ID:3142764553,Peking University,Beijing,China
SCOPUS_ID:0142214381,Peking University,Beijing,China
SCOPUS_ID:84875494136,Georgia Institute of Technology,Atlanta,United States
SCOPUS_ID:77957806887,Peking University,Beijing,China
SCOPUS_ID:34447290862,Peking University,Beijing,China
SCOPUS_ID:33751276035,Peking University,Beijing,China
SCOPUS_ID:33751276035,Peking University,Beijing,China
SCOPUS_ID:3142644816,Peking University,Beijing,China
SCOPUS_ID:0141957158,Peking University,Beijing,China
SCOPUS_ID:84936775692,Peking University,Beijing,China
SCOPUS_ID:0001142343,Peking University,Beijing,China
SCOPUS_ID:0032557303,Peking University,Beijing,China
SCOPUS_ID:85020529230,Peking University,Beijing,China
SCOPUS_ID:85032700043,Peking University,Beijing,China
SCOPUS_ID:84954157282,Peking University,Beijing,China
SCOPUS_ID:84893200798,Peking University,Beijing,China
SCOPUS_ID:70449389128,Peking University,Beijing,China
SCOPUS_ID:70449389128,Key Laboratory of High Confidence Software Technologies,Beijing,China
SCOPUS_ID:70449389128,Peking University,Beijing,China
SCOPUS_ID:48349100675,Peking University,Beijing,China
SCOPUS_ID:34547332907,Peking University,Beijing,China
SCOPUS_ID:84856361652,Peking University,Beijing,China
SCOPUS_ID:85026512910,Peking University,Beijing,China
SCOPUS_ID:85029794498,Peking University,Beijing,China
SCOPUS_ID:3142533188,Peking University,Beijing,China
SCOPUS_ID:0031659937,Peking University,Beijing,China
SCOPUS_ID:79959859415,Hebei Province Medical University,,China
SCOPUS_ID:79959859415,Christine M. Kleinert Institute for Hand and Microsurgery,Louisville,United States
SCOPUS_ID:79959859415,Universiti Kebangsaan Malaysia,Bangi,Malaysia
SCOPUS_ID:79959859415,Peking University,Beijing,China
SCOPUS_ID:84978795068,Yerevan Physics Institute,Yerevan,Armenia
SCOPUS_ID:84978791338,Yerevan Physics Institute,Yerevan,Armenia
SCOPUS_ID:85020293933,Peking University,Beijing,China
SCOPUS_ID:85020293933,Peking University,Beijing,China
SCOPUS_ID:85023759325,Peking University,Beijing,China
SCOPUS_ID:85030616937,Peking University,Beijing,China
SCOPUS_ID:84955370717,Peking University,Beijing,China
SCOPUS_ID:84885327489,Peking University,Beijing,China
SCOPUS_ID:84905457146,Peking University,Beijing,China
SCOPUS_ID:84990847874,Peking University,Beijing,China
SCOPUS_ID:84990847874,Peking University,Beijing,China
SCOPUS_ID:84865997755,Peking University,Beijing,China
SCOPUS_ID:84865997755,Peking University,Beijing,China
SCOPUS_ID:85025611746,Peking University,Beijing,China
SCOPUS_ID:85025611746,"University of California, Los Angeles",Los Angeles,United States
SCOPUS_ID:84940893550,Peking University,Beijing,China
SCOPUS_ID:84940893550,Ltd.,Shenzhen,
SCOPUS_ID:0033035001,Peking University,Beijing,China
SCOPUS_ID:0031811488,Peking University,Beijing,China
SCOPUS_ID:84862779914,Peking University,Beijing,China
SCOPUS_ID:80052691787,Peking University,Beijing,China
SCOPUS_ID:84959921723,Peking University,Beijing,China
SCOPUS_ID:84939253706,Peking University,Beijing,China
SCOPUS_ID:84943357781,Peking University,Beijing,China
SCOPUS_ID:84943366969,Peking University,Beijing,China
SCOPUS_ID:85024109615,Peking University,Beijing,China
SCOPUS_ID:85024109615,Peking University,Beijing,China
SCOPUS_ID:85019596714,Peking University,Beijing,China
SCOPUS_ID:85019596714,Peking University,Beijing,China
SCOPUS_ID:84930708497,Anhui Medical University,Hefei,China
SCOPUS_ID:84905948289,Peking University,Beijing,China
SCOPUS_ID:84908228431,Peking University,Beijing,China
SCOPUS_ID:84867471603,Peking University,Beijing,China
SCOPUS_ID:85023766748,Peking University,Beijing,China
SCOPUS_ID:85012157889,Peking University,Beijing,China
SCOPUS_ID:85030984611,Peking University,Beijing,China
SCOPUS_ID:85007335206,Peking University,Beijing,China
SCOPUS_ID:73549093153,Peking University,Beijing,China
SCOPUS_ID:73549106810,Peking University,Beijing,China
SCOPUS_ID:84995897822,Peking University,Beijing,China
SCOPUS_ID:84955403027,Peking University,Beijing,China
SCOPUS_ID:84907416835,Peking University,Beijing,China
SCOPUS_ID:84873057368,Peking University,Beijing,China
SCOPUS_ID:85030753990,Peking University,Beijing,China
SCOPUS_ID:85023753510,Peking University,Beijing,China
SCOPUS_ID:84959036712,Peking University,Beijing,China
SCOPUS_ID:84861776192,Peking University,Beijing,China
SCOPUS_ID:84863259380,Shenyang Pharmaceutical University,Shenyang,China
SCOPUS_ID:77958049491,Peking University,Beijing,China
SCOPUS_ID:77958043987,Peking University,Beijing,China
SCOPUS_ID:13444288111,Peking University,Beijing,China
SCOPUS_ID:1242320165,Peking University,Beijing,China
SCOPUS_ID:39149103045,Peking University,Beijing,China
SCOPUS_ID:30944450196,Peking University,Beijing,China
SCOPUS_ID:84960539275,Peking University,Beijing,China
SCOPUS_ID:85018217219,Peking University,Beijing,China
SCOPUS_ID:85025661404,Peking University,Beijing,China
SCOPUS_ID:85013054895,Peking University,Beijing,China
SCOPUS_ID:85013800693,Peking University,Beijing,China
SCOPUS_ID:85013659831,Peking University,Beijing,China
SCOPUS_ID:75849125120,Peking University,Beijing,China
SCOPUS_ID:58149460941,Peking University,Beijing,China
SCOPUS_ID:84887051005,Peking University,Beijing,China
SCOPUS_ID:84877130073,Peking University,Beijing,China
SCOPUS_ID:22744438091,Peking University,Beijing,China
SCOPUS_ID:33044494936,Peking University,Beijing,China
SCOPUS_ID:84879788942,Peking University,Beijing,China
SCOPUS_ID:84979849108,Peking University,Beijing,China
SCOPUS_ID:84976595303,Peking University,Beijing,China
SCOPUS_ID:84928104964,Ministry of Education China,Beijing,China
SCOPUS_ID:84928104964,Peking University,Beijing,China
SCOPUS_ID:84928104964,Beijing Key Laboratory of Diagnosis and Therapy of Retinal and Choroid Diseases,Beijing,China
SCOPUS_ID:84937044013,Peking University,Beijing,China
SCOPUS_ID:84903792351,Peking University,Beijing,China
SCOPUS_ID:84952763923,China Pharmaceutical University,Nanjing,China
SCOPUS_ID:84952763923,Food and Drug Administration,Beijing,China
SCOPUS_ID:84929332606,China Pharmaceutical University,Nanjing,China
SCOPUS_ID:84929332606,Food and Drug Administration,Jinan,China
SCOPUS_ID:84946112833,Peking University,Beijing,China
SCOPUS_ID:84919917041,Peking University,Beijing,China
SCOPUS_ID:79952200452,Peking University,Beijing,China
SCOPUS_ID:84871451014,Peking University,Beijing,China
SCOPUS_ID:80052825084,Peking University,Beijing,China
SCOPUS_ID:77956098000,Peking University,Beijing,China
SCOPUS_ID:20344383962,Seoul National University,Seoul,South Korea
SCOPUS_ID:0038624248,Seoul National University,Seoul,South Korea
SCOPUS_ID:84956590861,Peking University,Beijing,China
SCOPUS_ID:84956576925,Peking University,Beijing,China
SCOPUS_ID:34547349779,Peking University,Beijing,China
SCOPUS_ID:34547239536,Peking University,Beijing,China
SCOPUS_ID:84949319320,Peking University,Beijing,China
SCOPUS_ID:84922982949,Peking University,Beijing,China
SCOPUS_ID:77956125986,Peking University,Beijing,China
SCOPUS_ID:77952251352,Peking University,Beijing,China
SCOPUS_ID:84928792403,Peking University,Beijing,China
SCOPUS_ID:84940974693,Peking University,Beijing,China
SCOPUS_ID:0027699196,Peking University,Beijing,China
SCOPUS_ID:0000026579,The Royal Institute of Technology (KTH),Stockholm,Sweden
SCOPUS_ID:84903890320,Peking University,Beijing,China
SCOPUS_ID:84878371470,Peking University,Beijing,China
SCOPUS_ID:5544315208,Peking University,Beijing,China
SCOPUS_ID:5544315208,Peking University,Beijing,China
SCOPUS_ID:0033032581,Peking University,Beijing,China
SCOPUS_ID:77749273719,Peking University,Beijing,China
SCOPUS_ID:77749273719,Stony Brook University,Stony Brook,United States
SCOPUS_ID:36249011010,Peking University,Beijing,China
SCOPUS_ID:36249011010,Peking University,Beijing,China
SCOPUS_ID:85013290070,Peking University,Beijing,China
SCOPUS_ID:0035991629,Peking University,Beijing,China
SCOPUS_ID:84956573703,Peking University,Beijing,China
SCOPUS_ID:84946543208,Peking University,Beijing,China
SCOPUS_ID:85025464189,Peking University,Beijing,China
SCOPUS_ID:85025438765,Peking University,Beijing,China
SCOPUS_ID:84878534457,Peking University,Beijing,China
SCOPUS_ID:84887347360,Peking University,Beijing,China
SCOPUS_ID:85018528210,Peking University,Beijing,China
SCOPUS_ID:85018528210,Peking University,Beijing,China
SCOPUS_ID:84884595602,Peking University,Beijing,China
SCOPUS_ID:84973524623,Peking University,Beijing,China
SCOPUS_ID:84943543650,Peking University,Beijing,China
SCOPUS_ID:0030454901,Chinese Academy of Geological Sciences,Beijing,China
SCOPUS_ID:84984102088,Peking University,Beijing,China
SCOPUS_ID:84924786991,Peking University,Beijing,China
SCOPUS_ID:84866987126,Peking University,Beijing,China
SCOPUS_ID:12744267752,Peking University,Beijing,China
SCOPUS_ID:12744267752,Peking University,Beijing,China
SCOPUS_ID:58649109672,Peking University,Beijing,China
SCOPUS_ID:33751357180,Beihang University,Beijing,China
SCOPUS_ID:0033726331,Peking University,Beijing,China
SCOPUS_ID:30444441420,Peking University,Beijing,China
SCOPUS_ID:0004886459,"College of Chemistry and Molecular Engineering, Peking University",Beijing,China
SCOPUS_ID:0030146419,"College of Chemistry and Molecular Engineering, Peking University",Beijing,China
SCOPUS_ID:84959105363,Peking University,Beijing,China
SCOPUS_ID:84942512903,Peking University,Beijing,China
SCOPUS_ID:43049086725,Peking University,Beijing,China
SCOPUS_ID:43049086725,Tsinghua University,Beijing,China
SCOPUS_ID:0344507199,Peking University,Beijing,China
SCOPUS_ID:0001659365,Peking University,Beijing,China
SCOPUS_ID:0031200114,Peking University,Beijing,China
SCOPUS_ID:85017428870,Peking University,Beijing,China
SCOPUS_ID:85013481391,Peking University,Beijing,China
SCOPUS_ID:85013762330,Peking University,Beijing,China
SCOPUS_ID:80052807784,Peking University,Beijing,China
SCOPUS_ID:84933278061,Peking University,Beijing,China
SCOPUS_ID:84903982945,Peking University,Beijing,China
SCOPUS_ID:34948847152,Peking University,Beijing,China
SCOPUS_ID:34547715699,Peking University,Beijing,China
SCOPUS_ID:84961348983,"State Key Laboratory of Heavy Oil Processing, China University of Petroleum, Beijing",Beijing,China
SCOPUS_ID:84907777884,Peking University,Beijing,China
SCOPUS_ID:79952444021,Peking University,Beijing,China
SCOPUS_ID:79952444021,"College of Chemistry and Molecular Engineering, Peking University",Beijing,China
SCOPUS_ID:67349162113,Peking University,Beijing,China
SCOPUS_ID:67349162113,Shandong Normal University,Jinan,China
SCOPUS_ID:84930663841,Peking University,Beijing,China
SCOPUS_ID:84930663841,Kunming Medical University,Kunming,China
SCOPUS_ID:84907455611,Peking University,Beijing,China
SCOPUS_ID:84907455611,Kunming Medical University,Kunming,China
SCOPUS_ID:85026545948,Peking University,Beijing,China
SCOPUS_ID:84996598070,Peking University,Beijing,China
SCOPUS_ID:84962522312,California State University Northridge,Northridge,United States
SCOPUS_ID:84962522312,Center for Human Growth and Development,Greensburg,United States
SCOPUS_ID:84866248594,University Michigan Ann Arbor,Ann Arbor,United States
SCOPUS_ID:84866248594,Ashkelon Academic College,Ashkelon,Israel
SCOPUS_ID:34250114607,Peking University,Beijing,China
SCOPUS_ID:34250134438,Peking University,Beijing,China
SCOPUS_ID:84890261479,Peking University,Beijing,China
SCOPUS_ID:84885081623,Peking University,Beijing,China
SCOPUS_ID:38049129644,Peking University,Beijing,China
SCOPUS_ID:38049103667,Peking University,Beijing,China
SCOPUS_ID:38049103667,Peking University,Beijing,China
SCOPUS_ID:0041630530,Peking University,Beijing,China
SCOPUS_ID:0030173934,Peking University,Beijing,China
SCOPUS_ID:34547567261,Peking University,Beijing,China
SCOPUS_ID:34547581129,Peking University,Beijing,China
SCOPUS_ID:84941076570,Wellcome Trust,London,United Kingdom
SCOPUS_ID:23644458761,Peking University,Beijing,China
SCOPUS_ID:0034209316,Peking University,Beijing,China
SCOPUS_ID:62449170889,Peking University,Beijing,China
SCOPUS_ID:36348942846,Tsinghua University,Beijing,China
SCOPUS_ID:77955258687,Peking University,Beijing,China
SCOPUS_ID:84993977926,Peking University,Beijing,China
SCOPUS_ID:84908290981,Beijing Cancer Hospital,Beijing,China
SCOPUS_ID:84893327112,Peking University,Beijing,China
SCOPUS_ID:77954916299,Peking University,Beijing,China
SCOPUS_ID:77954916299,Peking University,Beijing,China
SCOPUS_ID:34547979552,Peking University,Beijing,China
SCOPUS_ID:85022030718,Smith College,Northampton,United States
SCOPUS_ID:85019130773,The New School University,New York,United States
SCOPUS_ID:85031492584,Peking University,Beijing,China
SCOPUS_ID:85031803384,Peking University,Beijing,China
SCOPUS_ID:80052501547,Peking University,Beijing,China
SCOPUS_ID:27644485649,Peking University,Beijing,China
SCOPUS_ID:33747097792,National Institute for the Control of Pharmaceutical and Biological Products,Beijing,China
SCOPUS_ID:23244434515,Beijing Cancer Hospital,Beijing,China
SCOPUS_ID:85021670287,Peking University,Beijing,China
SCOPUS_ID:84964319635,Chinese Academy for Environmental Planning,Beijing,China
SCOPUS_ID:52849136358,Peking University,Beijing,China
SCOPUS_ID:0032523340,Peking University,Beijing,China
SCOPUS_ID:65549101454,Peking University,Beijing,China
SCOPUS_ID:0038817444,"University of California, Los Angeles",Los Angeles,United States
SCOPUS_ID:84981164764,Peking University,Beijing,China
SCOPUS_ID:84958582069,Peking University,Beijing,China
SCOPUS_ID:0024156754,Peking University,Beijing,China
SCOPUS_ID:0035877438,Peking University,Beijing,China
SCOPUS_ID:0347644719,Peking University,Beijing,China
SCOPUS_ID:84869123564,Peking University,Beijing,China
SCOPUS_ID:84869123564,Peking University,Beijing,China
SCOPUS_ID:84943642372,Peking University,Beijing,China
SCOPUS_ID:84941247934,Peking University,Beijing,China
SCOPUS_ID:84984311596,Peking University,Beijing,China
SCOPUS_ID:0042105086,Peking University,Beijing,China
SCOPUS_ID:85026264599,Peking University,Beijing,China
SCOPUS_ID:84963646105,Peking University,Beijing,China
SCOPUS_ID:84860577585,Peking University,Beijing,China
SCOPUS_ID:70749118182,Peking University,Beijing,China
SCOPUS_ID:84955349883,Peking University,Beijing,China
SCOPUS_ID:84922270865,Peking University,Beijing,China
SCOPUS_ID:84903367756,Peking University,Beijing,China
SCOPUS_ID:84908647710,Peking University,Beijing,China
SCOPUS_ID:84887445576,Peking University,Beijing,China
SCOPUS_ID:84881622032,Peking University,Beijing,China
SCOPUS_ID:84922687132,Peking University,Beijing,China
SCOPUS_ID:85021111962,Peking University,Beijing,China
SCOPUS_ID:84975076438,Peking University,Beijing,China
SCOPUS_ID:84975076438,Collaborative Innovative Center for Quantum Materials,Beijing,China
SCOPUS_ID:85021260106,Peking University,Beijing,China
SCOPUS_ID:85015745848,Peking University,Beijing,China
SCOPUS_ID:33747859134,Peking University,Beijing,China
SCOPUS_ID:33747839828,Peking University,Beijing,China
SCOPUS_ID:85020093166,Peking University,Beijing,China
SCOPUS_ID:84966671046,Peking University,Beijing,China
SCOPUS_ID:85016440975,Peking University,Beijing,China
SCOPUS_ID:85025430351,Fujian Medical University,Fuzhou,China
SCOPUS_ID:84978986078,Peking University,Beijing,China
SCOPUS_ID:84978986078,Peking University,Beijing,China
SCOPUS_ID:84934988237,Peking University,Beijing,China
SCOPUS_ID:84926395649,Peking University,Beijing,China
SCOPUS_ID:84926395649,Beijing Stomatological Hospital,Beijing,China
SCOPUS_ID:82955167902,Peking University,Beijing,China
SCOPUS_ID:84906675067,Peking University,Beijing,China
SCOPUS_ID:78649977182,Chongqing Academy of Chinese Materia Medica,Chongqing,China
SCOPUS_ID:78649977182,Peking University,Beijing,China
SCOPUS_ID:84971623953,Libera Universita Maria Ss. Assunta,Rome,Italy
SCOPUS_ID:84971623953,"Istituto Di Scienze E Tecnologie Della Cognizione, Rome",Rome,Italy
SCOPUS_ID:84923228232,Peking University,Beijing,China
SCOPUS_ID:84923228232,Southwest China Normal University,Chongqing,China
SCOPUS_ID:85019615395,Peking University,Beijing,China
SCOPUS_ID:84952638420,Xuanwu Hospital Capital Medical University,Beijing,China
SCOPUS_ID:39049173989,Peking University,Beijing,China
SCOPUS_ID:0035946290,Peking University,Beijing,China
SCOPUS_ID:84863197515,Peking University,Beijing,China
SCOPUS_ID:64849095121,Peking University,Beijing,China
SCOPUS_ID:84991408359,Peking University,Beijing,China
SCOPUS_ID:84940902272,Peking University,Beijing,China
SCOPUS_ID:78650110566,Peking University,Beijing,China
SCOPUS_ID:77949617195,Peking University,Beijing,China
SCOPUS_ID:79953649386,Peking University,Beijing,China
SCOPUS_ID:77957985448,Peking University,Beijing,China
SCOPUS_ID:0031211175,Peking University,Beijing,China
SCOPUS_ID:0031207640,Peking University,Beijing,China
SCOPUS_ID:84874075302,Peking University,Beijing,China
SCOPUS_ID:84877758527,Peking University,Beijing,China
SCOPUS_ID:84892948686,Peking University,Beijing,China
SCOPUS_ID:84927566288,Peking University,Beijing,China
SCOPUS_ID:84927566288,,,
SCOPUS_ID:85018462350,Peking University,Beijing,China
SCOPUS_ID:84943361797,Peking University,Beijing,China
SCOPUS_ID:0037317136,Peking University,Beijing,China
SCOPUS_ID:0035218412,Shenyang Pharmaceutical University,Shenyang,China
SCOPUS_ID:85028018639,Peking University,Beijing,China
SCOPUS_ID:85020405041,Peking University,Beijing,China
SCOPUS_ID:84871413271,Peking University,Beijing,China
SCOPUS_ID:80053184199,Peking University,Beijing,China
SCOPUS_ID:84985914577,Peking University,Beijing,China
SCOPUS_ID:3543056321,Peking University,Beijing,China
SCOPUS_ID:84887296762,Peking University,Beijing,China
SCOPUS_ID:80054763154,Jilin University,Changchun,China
SCOPUS_ID:77951083378,Peking University,Beijing,China
SCOPUS_ID:85019698307,Peking University,Beijing,China
SCOPUS_ID:85019698307,Peking University,Beijing,China
SCOPUS_ID:84975749010,"Daping Hospital, the Third Military Medical University",Chongqing,China
SCOPUS_ID:85019175765,Peking University,Beijing,China
SCOPUS_ID:85019175765,Research Institute of Petroleum Exploration and Development,Beijing,China
SCOPUS_ID:85019175765,State Key Laboratory of Enhanced Oil Recovery,Beijing,China
SCOPUS_ID:85012281821,Peking University,Beijing,China
SCOPUS_ID:85012281821,China National Petroleum Corporation,Beijing,China
SCOPUS_ID:85012281821,China National Petroleum Corporation,Beijing,China
SCOPUS_ID:84949925181,Peking University,Beijing,China
SCOPUS_ID:84899925434,Peking University,Beijing,China
SCOPUS_ID:84981765553,Peking University,Beijing,China
SCOPUS_ID:84981765553,Macau University of Science and Technology,Taipa,Macao
SCOPUS_ID:84885170522,Peking University,Beijing,China
SCOPUS_ID:84866167137,Hunan Hengyang Blood Center,Hengyang,China
SCOPUS_ID:84862582613,Peking University,Beijing,China
SCOPUS_ID:77956626748,Xinxiang Medical College,Xinxiang,China
SCOPUS_ID:77956626748,Zhengzhou University,Zhengzhou,China
SCOPUS_ID:84908566104,Peking University,Beijing,China
SCOPUS_ID:79551515131,Peking University,Beijing,China
SCOPUS_ID:85017436034,Peking University,Beijing,China
SCOPUS_ID:85029907471,Peking University,Beijing,China
SCOPUS_ID:85017162011,Institute of Semiconductors Chinese Academy of Sciences,Beijing,China
SCOPUS_ID:85017162011,Chinese Academy of Sciences,Beijing,China
SCOPUS_ID:85026915118,Institute of Semiconductors Chinese Academy of Sciences,Beijing,China
SCOPUS_ID:34547212729,Chinese Academy of Sciences,Beijing,China
SCOPUS_ID:34547212729,Peking University,Beijing,China
SCOPUS_ID:85017264934,Peking University,Beijing,China
SCOPUS_ID:84976555218,Peking University,Beijing,China
SCOPUS_ID:77952111526,Peking University,Beijing,China
SCOPUS_ID:33847397855,Peking University,Beijing,China
SCOPUS_ID:33847397855,Peking University Health Science Center,Beijing,China
SCOPUS_ID:84987837961,Peking University,Beijing,China
SCOPUS_ID:84962509565,Peking University,Beijing,China
SCOPUS_ID:84988556689,Ministry of Land and Resources P.R.C.,Beijing,China
SCOPUS_ID:84988556689,Chinese Academy of Geological Sciences,Beijing,China
SCOPUS_ID:84964994612,Peking University,Beijing,China
SCOPUS_ID:84964994612,Chinese Academy of Geological Sciences,Beijing,China
SCOPUS_ID:79251487503,Peking University,Beijing,China
SCOPUS_ID:77952780036,Peking University,Beijing,China
SCOPUS_ID:84956573074,Peking University,Beijing,China
SCOPUS_ID:84955476313,Peking University,Beijing,China
SCOPUS_ID:85008178975,Zhejiang University,Hangzhou,China
SCOPUS_ID:84947087862,Peking University,Beijing,China
SCOPUS_ID:84947087862,Shangluo University,Shangluo,China
SCOPUS_ID:85020191766,Hong Kong University of Science and Technology,Hong Kong,China
SCOPUS_ID:84941745006,Hong Kong University of Science and Technology,Hong Kong,China
SCOPUS_ID:84959863984,Shanghai Jiao Tong University School of Medicine,Shanghai,China
SCOPUS_ID:84990067243,Peking University,Beijing,China
SCOPUS_ID:33845371779,Peking University,Beijing,China
SCOPUS_ID:0034906157,Peking University,Beijing,China
SCOPUS_ID:2842613616,Peking University,Beijing,China
SCOPUS_ID:0029507005,Peking University,Beijing,China
SCOPUS_ID:77953807930,Peking University,Beijing,China
SCOPUS_ID:77950020313,Peking University,Beijing,China
SCOPUS_ID:85019111832,Capital Medical University China,Beijing,China
SCOPUS_ID:84938562425,Aerospace Center Hospital,Beijing,China
SCOPUS_ID:84938562425,Peking University,Beijing,China
SCOPUS_ID:84929630418,Peking Union Medical College,Beijing,China
SCOPUS_ID:84862615090,Peking University,Beijing,China
SCOPUS_ID:85025687734,Peking University,Beijing,China
SCOPUS_ID:84925256641,Peking University,Beijing,China
SCOPUS_ID:84997078143,Southern Medical University,TongHe,China
SCOPUS_ID:84997078143,Southern Medical University,TongHe,China
SCOPUS_ID:84997078143,Southern Medical University,TongHe,China
SCOPUS_ID:84927534831,Peking University,Beijing,China
SCOPUS_ID:84905686351,Peking University,Beijing,China
SCOPUS_ID:84905186762,Peking University,Beijing,China
SCOPUS_ID:0037470204,Peking University,Beijing,China
SCOPUS_ID:85032371975,Peking University,Beijing,China
SCOPUS_ID:85028469788,Peking University,Beijing,China
SCOPUS_ID:85026858302,Peking University,Beijing,China
SCOPUS_ID:85020658953,Peking University,Beijing,China
SCOPUS_ID:80052102829,Peking University,Beijing,China
SCOPUS_ID:84864005096,Peking University,Beijing,China
SCOPUS_ID:85018868486,Peking University,Beijing,China
SCOPUS_ID:85025161950,Peking University,Beijing,China
SCOPUS_ID:85025161950,Peking University,Beijing,China
SCOPUS_ID:84979255252,Qingdao University,Qingdao,China
SCOPUS_ID:84979255252,Peking University,Beijing,China
SCOPUS_ID:84957605425,Peking University,Beijing,China
SCOPUS_ID:84957605425,Peking University,Beijing,China
SCOPUS_ID:85021828749,Peking University,Beijing,China
SCOPUS_ID:85021828749,Peking University,Beijing,China
SCOPUS_ID:85012073999,Peking University,Beijing,China
SCOPUS_ID:84940977093,Peking University,Beijing,China
SCOPUS_ID:84929509564,Peking University,Beijing,China
SCOPUS_ID:85010952130,Peking University,Beijing,China
SCOPUS_ID:85020636960,Peking University,Beijing,China
SCOPUS_ID:85020636960,Collaborative Innovation Center of Quantum Matter,Beijing,China
SCOPUS_ID:85012879892,The University of Hong Kong,Pokfulam,Hong Kong
SCOPUS_ID:85012879892,The University of Hong Kong,Pokfulam,Hong Kong
SCOPUS_ID:84949548372,Peking University,Beijing,China
SCOPUS_ID:84949548372,Peking University,Beijing,China
SCOPUS_ID:84919460186,Peking University,Beijing,China
SCOPUS_ID:80054070148,Peking University,Beijing,China
SCOPUS_ID:85030147653,Peking University,Beijing,China
SCOPUS_ID:85030147653,Foshan Maternal and Children's Hospital,,China
SCOPUS_ID:85024448597,Peking University,Beijing,China
SCOPUS_ID:85019165741,Peking University,Beijing,China
SCOPUS_ID:84962664299,Peking University,Beijing,China
SCOPUS_ID:85009188320,Peking University,Beijing,China
SCOPUS_ID:84937604068,Peking University,Beijing,China
SCOPUS_ID:85025103592,Peking University,Beijing,China
SCOPUS_ID:84894321508,South China Normal University,Guangzhou,China
SCOPUS_ID:84894321508,South China Agricultural University,Guangzhou,China
SCOPUS_ID:84894321508,Peking University,Beijing,China
SCOPUS_ID:85015231099,Peking University,Beijing,China
SCOPUS_ID:84991475494,Peking University,Beijing,China
SCOPUS_ID:82555165521,Peking University,Beijing,China
SCOPUS_ID:82555165521,Ministry of Education China,Beijing,China
SCOPUS_ID:78049278780,Peking University,Beijing,China
SCOPUS_ID:33751407678,Peking University,Beijing,China
SCOPUS_ID:33751407678,Henan Polytechnic University,Jiaozuo,China
SCOPUS_ID:33746289259,Peking University,Beijing,China
SCOPUS_ID:33746289259,Henan Polytechnic University,Jiaozuo,China
SCOPUS_ID:84888156005,Peking University,Beijing,China
SCOPUS_ID:84884195653,Peking University,Beijing,China
SCOPUS_ID:85028522209,Peking University,Beijing,China
SCOPUS_ID:85015679851,Peking University,Beijing,China
SCOPUS_ID:84966270085,Institute of Biophysics Chinese Academy of Sciences,Beijing,China
SCOPUS_ID:84966270085,Chinese Academy of Sciences,Beijing,China
SCOPUS_ID:84962179940,Peking University,Beijing,China
SCOPUS_ID:84929259952,Peking University,Beijing,China
SCOPUS_ID:85030843584,Peking University,Beijing,China
SCOPUS_ID:85030847774,Peking University,Beijing,China
SCOPUS_ID:76349096221,Peking University,Beijing,China
SCOPUS_ID:57949107596,Peking University,Beijing,China
SCOPUS_ID:57949107596,"China Mobile Group Guangdong Co., Ltd.",Guangzhou,China
SCOPUS_ID:85026367678,"College of Chemistry and Molecular Engineering, Peking University",Beijing,China
SCOPUS_ID:85026828127,"College of Chemistry and Molecular Engineering, Peking University",Beijing,China
SCOPUS_ID:84878360751,Beijing Huilongguan Hospital,Beijing,China
SCOPUS_ID:84878360751,Peking University,Beijing,China
SCOPUS_ID:84864006584,Peking University,Beijing,China
SCOPUS_ID:84864006584,Peking University,Beijing,China
SCOPUS_ID:84887101130,Peking University,Beijing,China
SCOPUS_ID:84887101130,Peking University,Beijing,China
SCOPUS_ID:84883064964,Peking University,Beijing,China
SCOPUS_ID:84883064964,Peking University,Beijing,China
SCOPUS_ID:85027869105,Peking University,Beijing,China
SCOPUS_ID:84928609509,Peking University,Beijing,China
SCOPUS_ID:84928609509,Ministry of Education China,Beijing,China
SCOPUS_ID:84928609509,University of Technology Sydney,Sydney,Australia
SCOPUS_ID:84936971016,Peking University,Beijing,China
SCOPUS_ID:84940792271,Peking University,Beijing,China
SCOPUS_ID:85016547327,Peking University,Beijing,China
SCOPUS_ID:85021828749,Peking University,Beijing,China
SCOPUS_ID:85021828749,Peking University,Beijing,China
SCOPUS_ID:84858158907,Peking University,Beijing,China
SCOPUS_ID:84858158907,Beijing Forestry University,Beijing,China
SCOPUS_ID:79952610082,Peking University,Beijing,China
SCOPUS_ID:85007130693,Peking University,Beijing,China
SCOPUS_ID:84929502104,Peking University,Beijing,China
SCOPUS_ID:84925354146,Chinese Center for Disease Control and Prevention,Beijing,China
SCOPUS_ID:84946849392,Chinese Center for Disease Control and Prevention,Beijing,China
SCOPUS_ID:84929502235,Peking University,Beijing,China
SCOPUS_ID:84948823481,Peking University,Beijing,China
SCOPUS_ID:85028317211,Peking University,Beijing,China
SCOPUS_ID:85016003691,UT Southwestern Medical Center,Dallas,United States
SCOPUS_ID:84980343985,Peking University,Beijing,China
SCOPUS_ID:84907342206,Peking University,Beijing,China
SCOPUS_ID:0029516809,University of Southampton,Southampton,United Kingdom
SCOPUS_ID:0024873585,Peking University,Beijing,China
SCOPUS_ID:0023808257,Peking University,Beijing,China
SCOPUS_ID:85032822454,Peking University,Beijing,China
SCOPUS_ID:85030637803,Peking University,Beijing,China
SCOPUS_ID:84869824777,Peking University,Beijing,China
SCOPUS_ID:84866235700,Peking University,Beijing,China
SCOPUS_ID:0344193105,Peking University,Beijing,China
SCOPUS_ID:0031458974,Peking University,Beijing,China
SCOPUS_ID:85007441254,Peking University,Beijing,China
SCOPUS_ID:84974704957,Peking University,Beijing,China
SCOPUS_ID:85002977230,Peking University,Beijing,China
SCOPUS_ID:84950129421,Peking University,Beijing,China
SCOPUS_ID:65849316430,Peking University,Beijing,China
SCOPUS_ID:69249141448,Peking University,Beijing,China
SCOPUS_ID:84903462065,Peking University,Beijing,China
SCOPUS_ID:84899563215,Peking University,Beijing,China
SCOPUS_ID:84881284134,Peking University,Beijing,China
SCOPUS_ID:84859481990,Peking University,Beijing,China
SCOPUS_ID:84859481990,Peking University,Beijing,China
SCOPUS_ID:84875369291,Peking University,Beijing,China
SCOPUS_ID:58549098294,Peking University,Beijing,China
SCOPUS_ID:84938700912,Peking University,Beijing,China
SCOPUS_ID:84880039840,Peking University,Beijing,China
SCOPUS_ID:84905003939,Peking University,Beijing,China
SCOPUS_ID:84884927633,Peking University,Beijing,China
SCOPUS_ID:85026482342,Peking University,Beijing,China
SCOPUS_ID:85026482342,Collaborative Innovation Center of Quantum Matter,Beijing,China
SCOPUS_ID:85019859703,Peking University,Beijing,China
SCOPUS_ID:85019859703,Collaborative Innovation Center of Quantum Matter,Beijing,China
SCOPUS_ID:84940191426,Peking University,Beijing,China
SCOPUS_ID:84907289381,Peking University,Beijing,China
SCOPUS_ID:84918823207,Zhejiang Pharmaceutical College,Ningbo,China
SCOPUS_ID:84882437350,Zhejiang Pharmaceutical College,Ningbo,China
SCOPUS_ID:84899007993,Peking University,Beijing,China
SCOPUS_ID:84884761568,Peking University,Beijing,China
SCOPUS_ID:85011587036,Peking University,Beijing,China
SCOPUS_ID:84983196125,Peking University,Beijing,China
SCOPUS_ID:0025660141,Peking University,Beijing,China
SCOPUS_ID:84966213194,Peking University,Beijing,China
SCOPUS_ID:84922338163,Peking University,Beijing,China
SCOPUS_ID:0039567192,Peking University,Beijing,China
SCOPUS_ID:0039567192,Zhengzhou University,Zhengzhou,China
SCOPUS_ID:39749136437,Peking University,Beijing,China
SCOPUS_ID:33646929319,Peking University,Beijing,China
SCOPUS_ID:84891334536,Peking University,Beijing,China
SCOPUS_ID:79959891163,"University of Washington, Seattle",Seattle,United States
SCOPUS_ID:34249940283,Peking University,Beijing,China
SCOPUS_ID:34249940283,National Center for Nanoscience and Technology Beijing,Beijing,China
SCOPUS_ID:32144432689,Peking University,Beijing,China
SCOPUS_ID:32144432689,Peking University,Beijing,China
SCOPUS_ID:84961780828,Peking University,Beijing,China
SCOPUS_ID:84879449601,Peking University,Beijing,China
SCOPUS_ID:40749147995,Peking University,Beijing,China
SCOPUS_ID:34248227783,Peking University,Beijing,China
SCOPUS_ID:84945427302,Peking University,Beijing,China
SCOPUS_ID:0023397005,Peking University,Beijing,China
SCOPUS_ID:0022595723,Peking University,Beijing,China
SCOPUS_ID:0034483813,Peking University,Beijing,China
SCOPUS_ID:0031961212,University of Southern California,Los Angeles,United States
SCOPUS_ID:84861893694,Peking University,Beijing,China
SCOPUS_ID:22644438936,Peking University,Beijing,China
SCOPUS_ID:22644438936,Yantai University,Yantai,China
SCOPUS_ID:11544287179,Peking University,Beijing,China
SCOPUS_ID:0020460106,Peking University,Beijing,China
SCOPUS_ID:0343615548,Princeton University,Princeton,United States
SCOPUS_ID:0343180204,Peking University,Beijing,China
SCOPUS_ID:0343180204,Princeton University,Princeton,United States
SCOPUS_ID:0040094496,Peking University,Beijing,China
SCOPUS_ID:0024223512,Peking University,Beijing,China
SCOPUS_ID:70350501893,Peking University,Beijing,China
SCOPUS_ID:34548201286,Peking University,Beijing,China
SCOPUS_ID:84903291635,Peking University,Beijing,China
SCOPUS_ID:84973662730,Peking University,Beijing,China
SCOPUS_ID:84867644446,Peking University,Beijing,China
SCOPUS_ID:84867644446,Peking University,Beijing,China
SCOPUS_ID:84949058375,Liaoning Preclinical Medical Institute,Shenyang,China
SCOPUS_ID:59449108088,Peking University,Beijing,China
SCOPUS_ID:58849125364,Peking University,Beijing,China
SCOPUS_ID:76549120872,Peking University,Beijing,China
SCOPUS_ID:79953139067,Peking University,Beijing,China
SCOPUS_ID:85031278873,Peking University,Beijing,China
SCOPUS_ID:85024123013,Peking University,Beijing,China
SCOPUS_ID:85011554767,Peking University,Beijing,China
SCOPUS_ID:84934273600,Peking University,Beijing,China
SCOPUS_ID:84905821736,Jilin University,Changchun,China
SCOPUS_ID:67349192965,Peking University,Beijing,China
SCOPUS_ID:2442600138,Peking University,Beijing,China
SCOPUS_ID:84916219791,Peking University,Beijing,China
SCOPUS_ID:84902675988,Peking University,Beijing,China
SCOPUS_ID:84939575552,Peking University,Beijing,China
SCOPUS_ID:84940288136,Peking University,Beijing,China
SCOPUS_ID:85029686249,Peking University,Beijing,China
SCOPUS_ID:85019160318,Yanshan University,Qinhuangdao,China
SCOPUS_ID:85019160318,Yanshan University,Qinhuangdao,China
SCOPUS_ID:84939959737,Peking University,Beijing,China
SCOPUS_ID:84911931964,Peking University,Beijing,China
SCOPUS_ID:85028300691,Peking University,Beijing,China
SCOPUS_ID:85013249563,Peking University,Beijing,China
SCOPUS_ID:0032146819,Peking University,Beijing,China
SCOPUS_ID:0031933288,Peking University,Beijing,China
SCOPUS_ID:84904471847,Peking University,Beijing,China
SCOPUS_ID:84878852765,Peking University,Beijing,China
SCOPUS_ID:84881265257,Peking University,Beijing,China
SCOPUS_ID:84869127381,Peking University,Beijing,China
SCOPUS_ID:85032901611,Peking University,Beijing,China
SCOPUS_ID:85032901611,Peking University,Beijing,China
SCOPUS_ID:84973409884,Peking University,Beijing,China
SCOPUS_ID:84908259070,Peking University,Beijing,China
SCOPUS_ID:84984823868,Peking University,Beijing,China
SCOPUS_ID:84951841201,Peking University,Beijing,China
SCOPUS_ID:84982296434,Peking University,Beijing,China
SCOPUS_ID:84982244567,Peking University,Beijing,China
SCOPUS_ID:84976347086,Kunming University of Science and Technology,Kunming,China
SCOPUS_ID:84965114248,Peking University,Beijing,China
SCOPUS_ID:84965114248,Ministry of Education China,Beijing,China
SCOPUS_ID:84965114248,Beijing Key Laboratory of Reproductive Endocrinology and Assisted Reproduction,Beijing,China
SCOPUS_ID:85020410520,Peking University,Beijing,China
SCOPUS_ID:85025177213,Peking University,Beijing,China
SCOPUS_ID:79956055410,Peking University,Beijing,China
SCOPUS_ID:79551685365,Peking University,Beijing,China
SCOPUS_ID:0025496934,Peking University,Beijing,China
SCOPUS_ID:0024699286,Peking University,Beijing,China
SCOPUS_ID:84883613453,Peking University,Beijing,China
SCOPUS_ID:84883613453,Helmholtz Center Munich  German Research Center for Environmental Health,Neuherberg,Germany
SCOPUS_ID:84883613453,Shanghai University,Shanghai,China
SCOPUS_ID:84863275555,Peking University,Beijing,China
SCOPUS_ID:84863275555,Shanghai University,Shanghai,China
SCOPUS_ID:0029435439,Peking University,Beijing,China
SCOPUS_ID:0028516154,IAPCM,Beijing,China
SCOPUS_ID:34249703565,Wuhan University,Wuhan,China
SCOPUS_ID:33645683049,Zhejiang Sci-Tech University,Hangzhou,China
SCOPUS_ID:33645683049,Institute of Physics Chinese Academy of Sciences,Beijing,China
SCOPUS_ID:60249097659,Peking University,Beijing,China
SCOPUS_ID:34347337504,Peking University,Beijing,China
SCOPUS_ID:84978113423,Peking University,Beijing,China
SCOPUS_ID:84978132502,Peking University,Beijing,China
SCOPUS_ID:0031461981,Peking University,Beijing,China
SCOPUS_ID:0030419551,Chinese Academy of Sciences,Beijing,China
SCOPUS_ID:84929078245,Peking University,Beijing,China
SCOPUS_ID:84928612835,Peking University,Beijing,China
SCOPUS_ID:85010447566,Peking University,Beijing,China
SCOPUS_ID:85007154241,Peking University,Beijing,China
SCOPUS_ID:85007154241,Peking University,Beijing,China
SCOPUS_ID:8744269694,Peking University,Beijing,China
SCOPUS_ID:0035528761,Peking University,Beijing,China
SCOPUS_ID:0033807087,Institute of High Energy Physics Chinese Academy of Science,Beijing,China
SCOPUS_ID:33745876549,Peking University,Beijing,China
SCOPUS_ID:39049184926,Peking University,Beijing,China
SCOPUS_ID:84921050451,Peking University,Beijing,China
SCOPUS_ID:84929942816,Peking University,Beijing,China
SCOPUS_ID:80051600634,Peking University,Beijing,China
SCOPUS_ID:84931036709,Peking University,Beijing,China
SCOPUS_ID:70449717539,Peking University,Beijing,China
SCOPUS_ID:84881123537,Peking University,Beijing,China
SCOPUS_ID:77950651541,Peking University,Beijing,China
SCOPUS_ID:84969627294,Peking University,Beijing,China
SCOPUS_ID:84863152973,Peking University,Beijing,China
SCOPUS_ID:84873667353,Sun Yat-Sen University,Guangzhou,China
SCOPUS_ID:84864332701,Sun Yat-Sen University,Guangzhou,China
SCOPUS_ID:84896841068,Peking University,Beijing,China
SCOPUS_ID:84863709140,Peking University,Beijing,China
SCOPUS_ID:84863709140,The University of Hong Kong,Pokfulam,Hong Kong
SCOPUS_ID:85001124068,The University of Hong Kong,Pokfulam,Hong Kong
SCOPUS_ID:84951773133,China University of Mining Technology,Beijing,China
SCOPUS_ID:84951773133,China University of Mining Technology,Beijing,China
SCOPUS_ID:85019674657,Peking University,Beijing,China
SCOPUS_ID:85019674657,LungHwa University of Science and Technology,Taoyuan,Taiwan
SCOPUS_ID:84971016585,Peking University,Beijing,China
SCOPUS_ID:84971016585,LungHwa University of Science and Technology,Taoyuan,Taiwan
SCOPUS_ID:84960379591,Peking University,Beijing,China
SCOPUS_ID:84979035704,Peking University,Beijing,China
SCOPUS_ID:84961262370,Lanzhou University of Technology,Lanzhou,China
SCOPUS_ID:84961262370,Chinese Academy of Sciences,Beijing,China
SCOPUS_ID:84950308954,Lanzhou University of Technology,Lanzhou,China
SCOPUS_ID:84950308954,Qinghai Institute of Salt Lakes Chinese Academy of Sciences,Xinning,China
SCOPUS_ID:77950850163,Peking University,Beijing,China
SCOPUS_ID:77950850163,Beijing Academy of Agriculture and Forestry Sciences,Beijing,China
SCOPUS_ID:33746616005,Peking University,Beijing,China
SCOPUS_ID:33746616005,University of Missouri-Kansas City,Kansas City,United States
SCOPUS_ID:84951570096,State Environmental Protection Key Laboratory of Regional Air Quality Monitoring,Guangzhou,China
SCOPUS_ID:84951570096,Peking University,Beijing,China
SCOPUS_ID:84946712249,Peking University,Beijing,China
SCOPUS_ID:80052931344,Peking University,Beijing,China
SCOPUS_ID:79952897744,Peking University,Beijing,China
SCOPUS_ID:85017506044,Peking University,Beijing,China
SCOPUS_ID:85007044539,Peking University,Beijing,China
SCOPUS_ID:84973572944,Peking University,Beijing,China
SCOPUS_ID:84943356058,Peking University,Beijing,China
SCOPUS_ID:1842735106,Peking University,Beijing,China
SCOPUS_ID:33744814919,Peking University,Beijing,China
SCOPUS_ID:22144469115,Peking University,Beijing,China
SCOPUS_ID:85018241064,Peking University,Beijing,China
SCOPUS_ID:85018241064,Peking University,Beijing,China
SCOPUS_ID:85008953527,Peking University,Beijing,China
SCOPUS_ID:85008953527,Peking University,Beijing,China
SCOPUS_ID:45349112033,China Center of Advanced Science and Technology World Laboratory,Beijing,China
SCOPUS_ID:45349112033,Peking University,Beijing,China
SCOPUS_ID:5944258524,Peking University,Beijing,China
SCOPUS_ID:70149103658,Peking University,Beijing,China
SCOPUS_ID:77951633907,Peking University,Beijing,China
SCOPUS_ID:84903194728,Peking University,Beijing,China
SCOPUS_ID:84903119638,Peking University,Beijing,China
SCOPUS_ID:85021161342,Peking University,Beijing,China
SCOPUS_ID:84999748138,Peking University,Beijing,China
SCOPUS_ID:84929942596,Peking University,Beijing,China
SCOPUS_ID:84925394793,Peking University,Beijing,China
SCOPUS_ID:41349095459,Peking University,Beijing,China
SCOPUS_ID:34547940259,Peking University,Beijing,China
SCOPUS_ID:0035485325,Nanyang Technological University,Singapore City,Singapore
SCOPUS_ID:0033738456,Nanyang Technological University,Singapore City,Singapore
SCOPUS_ID:85014179382,Peking University,Beijing,China
SCOPUS_ID:84928910926,Peking University,Beijing,China
SCOPUS_ID:85019722710,Peking University,Beijing,China
SCOPUS_ID:85013985447,Institute of Plasma Physics Chinese Academy of Sciences,Hefei,China
SCOPUS_ID:85013985447,Lawrence Livermore National Laboratory,Livermore,United States
SCOPUS_ID:0002905481,Peking University,Beijing,China
SCOPUS_ID:0012837867,Peking University,Beijing,China
SCOPUS_ID:36149067253,Peking University,Beijing,China
SCOPUS_ID:36149063654,Peking University,Beijing,China
SCOPUS_ID:42549110794,Peking University,Beijing,China
SCOPUS_ID:84982309245,Peking University,Beijing,China
SCOPUS_ID:84946559842,Peking University,Beijing,China
SCOPUS_ID:38149001550,Peking University,Beijing,China
SCOPUS_ID:0030173273,Fudan University,Shanghai,China
SCOPUS_ID:84893908106,Peking University,Beijing,China
SCOPUS_ID:84875873397,Peking University,Beijing,China
SCOPUS_ID:1642512389,Fuwai Hospital,Beijing,China
SCOPUS_ID:0034618235,Peking University,Beijing,China
SCOPUS_ID:84920406822,Peking University,Beijing,China
SCOPUS_ID:84946685923,Peking University,Beijing,China
SCOPUS_ID:84874353325,Peking University,Beijing,China
SCOPUS_ID:84871432057,Peking University,Beijing,China
SCOPUS_ID:85032954919,Peking University,Beijing,China
SCOPUS_ID:85032499507,Ministry of Environmental Protection (MEP),Guangzhou,China
SCOPUS_ID:84983454058,Peking University,Beijing,China
SCOPUS_ID:84881379220,Peking University,Beijing,China
SCOPUS_ID:84855860075,Peking University,Beijing,China
SCOPUS_ID:84930905450,Peking University,Beijing,China
SCOPUS_ID:84928243559,Peking University,Beijing,China
SCOPUS_ID:84928243559,Peking University,Beijing,China
SCOPUS_ID:84928243559,Peking University,Beijing,China
SCOPUS_ID:84928243559,Peking University,Beijing,China
SCOPUS_ID:84939438998,Peking University,Beijing,China
SCOPUS_ID:84939438998,Peking University,Beijing,China
SCOPUS_ID:84939438998,Peking University,Beijing,China
SCOPUS_ID:0030079916,Peking University,Beijing,China
SCOPUS_ID:0029976206,Peking University,Beijing,China
SCOPUS_ID:0036526656,Peking University,Beijing,China
SCOPUS_ID:0034240809,Peking University,Beijing,China
SCOPUS_ID:42749108400,Harbin Institute of Technology,Harbin,China
SCOPUS_ID:42749108400,Jilin University,Changchun,China
SCOPUS_ID:79952206939,Peking University,Beijing,China
SCOPUS_ID:79952203491,Peking University,Beijing,China
SCOPUS_ID:85019111832,Capital Medical University China,Beijing,China
SCOPUS_ID:84938562425,Aerospace Center Hospital,Beijing,China
SCOPUS_ID:84938562425,Peking University,Beijing,China
SCOPUS_ID:85020902887,Peking University,Beijing,China
SCOPUS_ID:85020902887,Ministry of Education China,Beijing,China
SCOPUS_ID:85021849232,Peking University,Beijing,China
SCOPUS_ID:84861746960,Peking University,Beijing,China
SCOPUS_ID:79952989698,Peking University,Beijing,China
SCOPUS_ID:84862532222,Peking University,Beijing,China
SCOPUS_ID:79957570468,Peking University,Beijing,China
SCOPUS_ID:33751107723,Peking University,Beijing,China
SCOPUS_ID:33846833576,Peking University,Beijing,China
SCOPUS_ID:81355132189,Peking University,Beijing,China
SCOPUS_ID:81355142665,Peking University,Beijing,China
SCOPUS_ID:0031886118,Chinese Academy of Sciences,Beijing,China
SCOPUS_ID:0031571113,Chinese Academy of Sciences,Beijing,China
SCOPUS_ID:84988345516,Peking University,Beijing,China
SCOPUS_ID:84934281067,Peking University,Beijing,China
SCOPUS_ID:85021400955,Peking University,Beijing,China
SCOPUS_ID:85021400955,Collaborative Innovation Center of Quantum Matter,Beijing,China
SCOPUS_ID:84969835218,Peking University,Beijing,China
SCOPUS_ID:77952496299,Peking University,Beijing,China
SCOPUS_ID:77952498282,Peking University,Beijing,China
SCOPUS_ID:33748448268,Peking University,Beijing,China
SCOPUS_ID:0347930679,Peking University,Beijing,China
SCOPUS_ID:0347930679,Peking University,Beijing,China
SCOPUS_ID:0347930679,University of Pittsburgh,Pittsburgh,United States
SCOPUS_ID:84863241648,Peking University,Beijing,China
SCOPUS_ID:50549097096,Peking University,Beijing,China
SCOPUS_ID:0035243107,Peking University,Beijing,China
SCOPUS_ID:0029388860,Peking University,Beijing,China
SCOPUS_ID:84974677681,Peking University,Beijing,China
SCOPUS_ID:84959571865,Peking University,Beijing,China
SCOPUS_ID:2742598342,Peking University,Beijing,China
SCOPUS_ID:8344267879,Peking University,Beijing,China
SCOPUS_ID:85029639543,Peking University,Beijing,China
SCOPUS_ID:85009786103,Peking University,Beijing,China
SCOPUS_ID:84860185433,Peking University,Beijing,China
SCOPUS_ID:84860162365,Peking University,Beijing,China
SCOPUS_ID:84860162365,"Shantou University, Medical College (SUMC)",Shantou,China
SCOPUS_ID:84964678921,Peking University,Beijing,China
SCOPUS_ID:84922621112,Peking University,Beijing,China
SCOPUS_ID:84913540802,Peking University,Beijing,China
SCOPUS_ID:84874892391,Peking University,Beijing,China
SCOPUS_ID:84857554831,Peking University,Beijing,China
SCOPUS_ID:77951239534,Peking University,Beijing,China
SCOPUS_ID:77952965850,Peking University,Beijing,China
SCOPUS_ID:64049088223,Peking University,Beijing,China
SCOPUS_ID:85009067177,Peking University,Beijing,China
SCOPUS_ID:85009089748,Human-Computer Communications Laboratory,Hong Kong,Hong Kong
SCOPUS_ID:33748942613,Peking University,Beijing,China
SCOPUS_ID:33748942613,Shenzhen Graduate School,Beijing,China
SCOPUS_ID:28344449200,Peking University,Beijing,China
SCOPUS_ID:84932626486,Peking University,Beijing,China
SCOPUS_ID:84932626486,Peking University,Beijing,China
SCOPUS_ID:84862532711,Peking University,Beijing,China
SCOPUS_ID:84875986602,Peking University,Beijing,China
SCOPUS_ID:79961183221,Peking University,Beijing,China
SCOPUS_ID:41149151953,Peking University,Beijing,China
SCOPUS_ID:27644584984,Peking University,Beijing,China
SCOPUS_ID:33644642078,Peking University,Beijing,China
SCOPUS_ID:14844347680,Peking University,Beijing,China
SCOPUS_ID:44649149026,Peking University,Beijing,China
SCOPUS_ID:33748533867,Peking University,Beijing,China
SCOPUS_ID:85009487616,Peking University,Beijing,China
SCOPUS_ID:84979277506,Peking University,Beijing,China
SCOPUS_ID:84925455386,Peking University,Beijing,China
SCOPUS_ID:84925455386,Peking University,Beijing,China
SCOPUS_ID:84896756341,Peking University,Beijing,China
SCOPUS_ID:85013792334,Peking University,Beijing,China
SCOPUS_ID:84952318145,Peking University,Beijing,China
SCOPUS_ID:84925437664,General Hospital of People's Liberation Army,Beijing,China
SCOPUS_ID:84889814894,General Hospital of People's Liberation Army,Beijing,China
SCOPUS_ID:84976433908,Peking University,Beijing,China
SCOPUS_ID:84872806616,Temple University,Philadelphia,United States
SCOPUS_ID:84877657079,Peking University,Beijing,China
SCOPUS_ID:80053575354,Peking University,Beijing,China
SCOPUS_ID:84919344050,Peking University,Beijing,China
SCOPUS_ID:84883228365,"College of Chemistry and Molecular Engineering, Peking University",Beijing,China
SCOPUS_ID:5144222697,Peking University,Beijing,China
SCOPUS_ID:19944383964,Peking University,Beijing,China
SCOPUS_ID:73849149957,Peking University,Beijing,China
SCOPUS_ID:33947281834,Peking University,Beijing,China
SCOPUS_ID:84866130591,Peking University,Beijing,China
SCOPUS_ID:77149147767,Peking University,Beijing,China
SCOPUS_ID:85018168756,Peking University,Beijing,China
SCOPUS_ID:85018168756,Peking University,Beijing,China
SCOPUS_ID:84881098761,Peking University,Beijing,China
SCOPUS_ID:84881098761,Peking University,Beijing,China
SCOPUS_ID:41049095497,Peking University,Beijing,China
SCOPUS_ID:33847160758,Peking University,Beijing,China
SCOPUS_ID:84964434434,Peking University,Beijing,China
SCOPUS_ID:84988228414,University of Science and Technology Liaoning,Anshan,China
SCOPUS_ID:84930339035,Chinese Academy of Sciences,Beijing,China
SCOPUS_ID:84930339035,Peking University,Beijing,China
SCOPUS_ID:84993090032,Peking University,Beijing,China
SCOPUS_ID:84940306017,Peking University,Beijing,China
SCOPUS_ID:84864821823,Peking University,Beijing,China
SCOPUS_ID:85011371212,Peking University,Beijing,China
SCOPUS_ID:85011371212,Peking University,Beijing,China
SCOPUS_ID:84995607545,Peking University,Beijing,China
SCOPUS_ID:84969165434,Peking University,Beijing,China
SCOPUS_ID:24044460187,Peking University,Beijing,China
SCOPUS_ID:24044458627,Peking University,Beijing,China
SCOPUS_ID:85013659831,Peking University,Beijing,China
SCOPUS_ID:84865049403,Peking University,Beijing,China
SCOPUS_ID:84959337680,Peking University,Beijing,China
SCOPUS_ID:85029851762,Tongji University,Shanghai,China
SCOPUS_ID:84975037734,Peking University,Beijing,China
SCOPUS_ID:85029828272,Peking University,Beijing,China
SCOPUS_ID:84962613856,Peking University,Beijing,China
SCOPUS_ID:84954223323,Peking University,Beijing,China
SCOPUS_ID:84907487896,Peking University,Beijing,China
SCOPUS_ID:85029645396,Peking University,Beijing,China
SCOPUS_ID:85021746580,Peking University,Beijing,China
SCOPUS_ID:84973664517,University of the Sunshine Coast,Sippy Downs,Australia
SCOPUS_ID:84955069529,University of the Sunshine Coast,Sippy Downs,Australia
SCOPUS_ID:84997078143,Southern Medical University,TongHe,China
SCOPUS_ID:84997078143,Southern Medical University,TongHe,China
SCOPUS_ID:84997078143,Southern Medical University,TongHe,China
SCOPUS_ID:84927534831,Peking University,Beijing,China
SCOPUS_ID:84904717935,Peking University,Beijing,China
SCOPUS_ID:84908139310,Peking University,Beijing,China
SCOPUS_ID:84860595449,Peking University,Beijing,China
SCOPUS_ID:85020874287,Peking University,Beijing,China
SCOPUS_ID:84945576490,Hangzhou Normal University,Hangzhou,China
SCOPUS_ID:85018795304,Peking University,Beijing,China
SCOPUS_ID:85004010393,Harbin Institute of Technology,Harbin,China
SCOPUS_ID:84987058778,The University of North Carolina at Chapel Hill,Chapel Hill,United States
SCOPUS_ID:84987058778,Peking University,Beijing,China
SCOPUS_ID:35949019410,The University of North Carolina at Chapel Hill,Chapel Hill,United States
SCOPUS_ID:35949019410,Peking University,Beijing,China
SCOPUS_ID:84958484819,Peking University Health Science Center,Beijing,China
SCOPUS_ID:84984287724,Peking University,Beijing,China
SCOPUS_ID:84978718905,Peking University,Beijing,China
SCOPUS_ID:84978718905,Xinhua Hospital,Shanghai,China
SCOPUS_ID:85013792334,Peking University,Beijing,China
SCOPUS_ID:33746829535,Peking University,Beijing,China
SCOPUS_ID:34347237285,Peking University,Beijing,China
SCOPUS_ID:35748969575,Peking University,Beijing,China
SCOPUS_ID:84959491908,Peking University,Beijing,China
SCOPUS_ID:84959491908,Peking University,Beijing,China
SCOPUS_ID:84931265100,Peking University,Beijing,China
SCOPUS_ID:85032633960,Sun Yat-Sen University,Guangzhou,China
SCOPUS_ID:85032633960,Shenzhen University,"Qingshuihe, Shenzhen",China
SCOPUS_ID:85028771499,Peking University,Beijing,China
SCOPUS_ID:84904215460,Peking University,Beijing,China
SCOPUS_ID:85017029331,Peking University,Beijing,China
SCOPUS_ID:84891508201,Peking University,Beijing,China
SCOPUS_ID:84891508201,Peking University,Beijing,China
SCOPUS_ID:84962147305,Peking University,Beijing,China
SCOPUS_ID:84877908359,Peking University,Beijing,China
SCOPUS_ID:85007586441,Peking University,Beijing,China
SCOPUS_ID:85007586441,Peking University,Beijing,China
SCOPUS_ID:85007586441,Tufts University,Medford,United States
SCOPUS_ID:85011371212,Peking University,Beijing,China
SCOPUS_ID:85011371212,Peking University,Beijing,China
SCOPUS_ID:84886745171,Anhui Normal University,Wuhu,China
SCOPUS_ID:84872813939,Peking University,Beijing,China
SCOPUS_ID:85012067095,Peking University,Beijing,China
SCOPUS_ID:81755169817,Peking University,Beijing,China
SCOPUS_ID:84918805859,Peking University,Beijing,China
SCOPUS_ID:84918805859,Beijing Key Laboratory of Molecular Diagnosis on Dermatoses,Beijing,
SCOPUS_ID:84922538739,Peking University,Beijing,China
SCOPUS_ID:84922538739,Beijing Key Laboratory of Molecular Diagnosis on Dermatoses,Beijing,
SCOPUS_ID:84922538739,Peking-Tsinghua Center for Life Sciences,Beijing,
SCOPUS_ID:84979519918,Peking University,Beijing,China
SCOPUS_ID:84908156229,Institute of Physics Chinese Academy of Sciences,Beijing,China
SCOPUS_ID:85026896352,Peking University,Beijing,China
SCOPUS_ID:84961267189,Peking University,Beijing,China
SCOPUS_ID:77952369509,Peking University,Beijing,China
SCOPUS_ID:0347135727,Peking University,Beijing,China
SCOPUS_ID:85017013086,Peking University,Beijing,China
SCOPUS_ID:85017013086,Peking University,Beijing,China
SCOPUS_ID:84900867506,Peking University,Beijing,China
SCOPUS_ID:50849129606,Peking University,Beijing,China
SCOPUS_ID:50849129606,Peking University,Beijing,China
SCOPUS_ID:84996671318,Peking University,Beijing,China
SCOPUS_ID:84938208247,Peking University,Beijing,China
SCOPUS_ID:84983616701,Peking University,Beijing,China
SCOPUS_ID:84923482529,Peking University,Beijing,China
SCOPUS_ID:84878367537,Peking University,Beijing,China
SCOPUS_ID:84880249832,Peking University,Beijing,China
SCOPUS_ID:0024878511,Peking University,Beijing,China
SCOPUS_ID:0023982944,Peking University,Beijing,China
SCOPUS_ID:71949122856,Peking University,Beijing,China
SCOPUS_ID:71949114347,Peking University,Beijing,China
SCOPUS_ID:85000765405,Peking University,Beijing,China
SCOPUS_ID:84940558649,Peking University,Beijing,China
SCOPUS_ID:84982763182,Peking University,Beijing,China
SCOPUS_ID:84977108924,Peking University,Beijing,China
SCOPUS_ID:9144268403,Peking University,Beijing,China
SCOPUS_ID:0042160076,Peking University,Beijing,China
SCOPUS_ID:84855822879,Peking University,Beijing,China
SCOPUS_ID:79952209187,Peking University,Beijing,China
SCOPUS_ID:84978906484,Peking University,Beijing,China
SCOPUS_ID:84872330412,Peking University,Beijing,China
SCOPUS_ID:84864753328,Peking University,Beijing,China
SCOPUS_ID:4544286225,Peking University,Beijing,China
SCOPUS_ID:0034335117,Peking University,Beijing,China
SCOPUS_ID:84996917644,Peking University,Beijing,China
SCOPUS_ID:84996917644,Beijing Key Laboratory of Molecular Diagnosis on Dermatoses,Beijing,China
SCOPUS_ID:84980334602,Peking University,Beijing,China
SCOPUS_ID:84980334602,Beijing Key Laboratory of Molecular Diagnosis on Dermatoses,Beijing,China
SCOPUS_ID:84987729768,Peking University,Beijing,China
SCOPUS_ID:84936768772,Peking University,Beijing,China
SCOPUS_ID:85021283417,Huazhong University of Science and Technology,Wuhan,China
SCOPUS_ID:84952674087,Peking University,Beijing,China
SCOPUS_ID:85013480781,Peking University,Beijing,China
SCOPUS_ID:85030104222,Peking University,Beijing,China
SCOPUS_ID:84977663346,Peking University,Beijing,China
SCOPUS_ID:84974575251,Peking University,Beijing,China
SCOPUS_ID:0037351128,Peking University,Beijing,China
SCOPUS_ID:84921381269,Peking University,Beijing,China
SCOPUS_ID:84921381269,Key Laboratory of Computational Linguistics (Ministry of Education,,China
SCOPUS_ID:84893035237,Peking University,Beijing,China
SCOPUS_ID:0030403787,Peking University,Beijing,China
SCOPUS_ID:0025722985,Peking University,Beijing,China
SCOPUS_ID:84991657842,Peking University,Beijing,China
SCOPUS_ID:78649894819,Peking University,Beijing,China
SCOPUS_ID:84862641649,Peking University,Beijing,China
SCOPUS_ID:84862641649,Northwest Institute of Nuclear Technology,Xi'an,China
SCOPUS_ID:80051614109,Peking University,Beijing,China
SCOPUS_ID:33749411241,Peking University,Beijing,China
SCOPUS_ID:0036538684,Peking University,Beijing,China
SCOPUS_ID:84960158419,Xiamen University,Xiamen,China
SCOPUS_ID:84941636327,Xiamen University,Xiamen,China
SCOPUS_ID:84974697694,Peking University,Beijing,China
SCOPUS_ID:84938945616,Peking University,Beijing,China
SCOPUS_ID:85018472607,Hebei Medical University,Shijiazhuang,China
SCOPUS_ID:84966569786,Peking University,Beijing,China
SCOPUS_ID:84966569786,Peking University,Beijing,China
SCOPUS_ID:84966569786,Peking University Health Science Center,Beijing,China
SCOPUS_ID:85018329070,Peking University,Beijing,China
SCOPUS_ID:85019119096,Hebei Medical University,Shijiazhuang,China
SCOPUS_ID:85019119096,Hebei Medical University,Shijiazhuang,China
SCOPUS_ID:85019119096,Peking University,Beijing,China
SCOPUS_ID:84925965525,Peking University,Beijing,China
SCOPUS_ID:84923034817,Peking University,Beijing,China
SCOPUS_ID:84900415831,Peking University Health Science Center,Beijing,China
SCOPUS_ID:84904472382,Peking Union Medical Collage Hospital,Beijing,China
SCOPUS_ID:84904472382,Peking University,Beijing,China
SCOPUS_ID:84919785089,Peking University,Beijing,China
SCOPUS_ID:84874514699,Peking University,Beijing,China
SCOPUS_ID:0042160076,Peking University,Beijing,China
SCOPUS_ID:0037459177,Peking University,Beijing,China
SCOPUS_ID:0036725992,Peking University,Beijing,China
SCOPUS_ID:0038530897,Peking University,Beijing,China
SCOPUS_ID:85010952130,Peking University,Beijing,China
SCOPUS_ID:85020636960,Peking University,Beijing,China
SCOPUS_ID:85020636960,Collaborative Innovation Center of Quantum Matter,Beijing,China
SCOPUS_ID:0032777970,Peking University,Beijing,China
SCOPUS_ID:0032018718,Arizona State University,Tempe,United States
SCOPUS_ID:0032018718,Peking University,Beijing,China
SCOPUS_ID:84871446519,Beijing Jiaotong Daxue,Beijing,China
SCOPUS_ID:84862683214,Peking University,Beijing,China
SCOPUS_ID:80053163324,Peking University,Beijing,China
SCOPUS_ID:79952623978,Peking University,Beijing,China
SCOPUS_ID:0032531188,Peking University,Beijing,China
SCOPUS_ID:0000893551,Peking University,Beijing,China
SCOPUS_ID:84973541131,Peking University,Beijing,China
SCOPUS_ID:84884290988,Peking University,Beijing,China
SCOPUS_ID:85010006350,Peking University,Beijing,China
SCOPUS_ID:84961899473,Peking University,Beijing,China
SCOPUS_ID:84982296434,Peking University,Beijing,China
SCOPUS_ID:84982271350,Peking University,Beijing,China
SCOPUS_ID:77958053900,Peking University,Beijing,China
SCOPUS_ID:77958045363,Peking University,Beijing,China
SCOPUS_ID:85017144343,Peking University,Beijing,China
SCOPUS_ID:84995308974,Peking University,Beijing,China
SCOPUS_ID:84862786586,Peking University,Beijing,China
SCOPUS_ID:84862786586,University of Nottingham,Nottingham,United Kingdom
SCOPUS_ID:79955623052,Peking University,Beijing,China
SCOPUS_ID:84992406268,Peking University,Beijing,China
SCOPUS_ID:84989771090,Peking University,Beijing,China
SCOPUS_ID:84892744991,Northeastern University China,Shenyang,China
SCOPUS_ID:85028019313,Peking University,Beijing,China
SCOPUS_ID:84970983744,Peking University,Beijing,China
SCOPUS_ID:84905674914,Peking University,Beijing,China
SCOPUS_ID:84905686350,Peking University,Beijing,China
SCOPUS_ID:84899412596,Beijing University of Chinese Medicine,Beijing,China
SCOPUS_ID:84878337160,Peking University,Beijing,China
SCOPUS_ID:3042786400,Peking University,Beijing,China
SCOPUS_ID:0036488660,Peking University,Beijing,China
SCOPUS_ID:84916219791,Peking University,Beijing,China
SCOPUS_ID:84875818894,Peking University,Beijing,China
SCOPUS_ID:84887097178,Peking University,Beijing,China
SCOPUS_ID:84866932868,Peking University,Beijing,China
SCOPUS_ID:84982279394,Fuwai Hospital,Beijing,China
SCOPUS_ID:85031945614,Peking University,Beijing,China
SCOPUS_ID:85031906538,Peking University,Beijing,China
SCOPUS_ID:84940327106,Peking University,Beijing,China
SCOPUS_ID:84940356152,Peking University,Beijing,China
SCOPUS_ID:84887502304,Peking University,Beijing,China
SCOPUS_ID:84883487028,Peking University,Beijing,China
SCOPUS_ID:85027943698,Peking University,Beijing,China
SCOPUS_ID:85027943698,PLA,Chongqing,China
SCOPUS_ID:84880741277,Peking University,Beijing,China
SCOPUS_ID:84871501226,Peking University,Beijing,China
SCOPUS_ID:77952301794,Peking University,Beijing,China
SCOPUS_ID:85008881103,Peking University,Beijing,China
SCOPUS_ID:85016017260,Peking University,Beijing,China
SCOPUS_ID:85028767015,Guangdong Medical University,Zhanjiang,China
SCOPUS_ID:85009488952,Hong Kong University of Science and Technology,Hong Kong,China
SCOPUS_ID:16544370840,Peking University,Beijing,China
SCOPUS_ID:33744773878,Peking University,Beijing,China
SCOPUS_ID:0037675173,Peking University,Beijing,China
SCOPUS_ID:85028514253,Peking University,Beijing,China
SCOPUS_ID:84947426959,Peking University,Beijing,China
SCOPUS_ID:84883077479,Peking University,Beijing,China
SCOPUS_ID:84861560265,Peking University,Beijing,China
SCOPUS_ID:84973299049,Peking University,Beijing,China
SCOPUS_ID:84935909467,Peking University,Beijing,China
SCOPUS_ID:84929377769,National Taiwan University,Taipei,Taiwan
SCOPUS_ID:84924301140,National Taiwan University,Taipei,Taiwan
SCOPUS_ID:33746429108,Peking University,Beijing,China
SCOPUS_ID:33746429108,Nanjing University of Science and Technology,Nanjing,China
SCOPUS_ID:0347935957,Chinese Academy of Sciences,Beijing,China
SCOPUS_ID:84892474506,Peking University,Beijing,China
SCOPUS_ID:84883323519,Anhui Normal University,Wuhu,China
SCOPUS_ID:49849088687,Peking University,Beijing,China
SCOPUS_ID:75849137914,Peking University,Beijing,China
SCOPUS_ID:43949124831,Peking University,Beijing,China
SCOPUS_ID:84919332418,Peking University,Beijing,China
SCOPUS_ID:0034240186,Peking University,Beijing,China
SCOPUS_ID:0033436196,Peking University,Beijing,China
SCOPUS_ID:4243805858,Peking University,Beijing,China
SCOPUS_ID:0032301784,Peking University,Beijing,China
SCOPUS_ID:85033440630,Beijing Research Institute of Uranium Geology,Beijing,China
SCOPUS_ID:85033440630,Peking University,Beijing,China
SCOPUS_ID:85033697806,Peking University,Beijing,China
SCOPUS_ID:85033697806,East China Institute of Technology,Fuzhou,China
SCOPUS_ID:85020687106,Peking University,Beijing,China
SCOPUS_ID:84963553929,Peking University,Beijing,China
SCOPUS_ID:66149152297,Peking University,Beijing,China
SCOPUS_ID:39049175961,Peking University,Beijing,China
SCOPUS_ID:84962921197,Peking University,Beijing,China
SCOPUS_ID:84944453788,Peking University,Beijing,China
SCOPUS_ID:84989172889,Peking University,Beijing,China
SCOPUS_ID:84951840592,Peking University,Beijing,China
SCOPUS_ID:70349816916,Peking University,Beijing,China
SCOPUS_ID:44449127060,Peking University,Beijing,China
SCOPUS_ID:80051686891,"Shandong University, Weihai",Weihai,China
SCOPUS_ID:85027985600,Peking University,Beijing,China
SCOPUS_ID:85019940362,Peking University,Beijing,China
SCOPUS_ID:84867600756,Institute of Computing Technology Chinese Academy of Sciences,Beijing,China
SCOPUS_ID:84867600756,Peking University,Beijing,China
SCOPUS_ID:80155212932,Institute of Computing Technology Chinese Academy of Sciences,Beijing,China
SCOPUS_ID:80155212932,Institute of Computing Technology Chinese Academy of Sciences,Beijing,China
SCOPUS_ID:85024880968,Peking University,Beijing,China
SCOPUS_ID:84991735472,Peking University,Beijing,China
SCOPUS_ID:85029952392,Peking University,Beijing,China
SCOPUS_ID:84986004187,Peking University,Beijing,China
SCOPUS_ID:84878110687,Renmin University of China,Beijing,China
SCOPUS_ID:84878110687,Peking University,Beijing,China
SCOPUS_ID:77953106067,Peking University,Beijing,China
SCOPUS_ID:38149006253,Peking University,Beijing,China
SCOPUS_ID:38049158356,Peking University,Beijing,China
SCOPUS_ID:84957975271,Peking University,Beijing,China
SCOPUS_ID:84920781837,Peking University,Beijing,China
SCOPUS_ID:3543058716,Peking University,Beijing,China
SCOPUS_ID:16544378395,Peking University,Beijing,China
SCOPUS_ID:80051676889,Peking University,Beijing,China
SCOPUS_ID:79952677037,Peking University,Beijing,China
SCOPUS_ID:77953378303,Peking University,Beijing,China
SCOPUS_ID:49849088687,Peking University,Beijing,China
SCOPUS_ID:85026760802,Peking University,Beijing,China
SCOPUS_ID:85026760802,Peking University,Beijing,China
SCOPUS_ID:84976610010,Peking University,Beijing,China
SCOPUS_ID:84976610010,Peking University,Beijing,China
SCOPUS_ID:85029311142,Peking University,Beijing,China
SCOPUS_ID:85029311142,Beijing Advanced Innovation Center for Future Internet Technology,Beijing,China
SCOPUS_ID:84962383072,Peking University,Beijing,China
SCOPUS_ID:85030655050,Peking University,Beijing,China
SCOPUS_ID:85030655050,Beijing Hospital,Beijing,China
SCOPUS_ID:84989180940,Peking University,Beijing,China
SCOPUS_ID:85019581266,Peking University,Beijing,China
SCOPUS_ID:85019592667,Peking University,Beijing,China
SCOPUS_ID:84923870372,Peking University,Beijing,China
SCOPUS_ID:84898683664,China University of Mining Technology,Beijing,China
SCOPUS_ID:84898683664,China University of Mining Technology,Beijing,China
SCOPUS_ID:84898683664,Peking University,Beijing,China
SCOPUS_ID:84898683664,Beijing Institute of Technology,Beijing,China
SCOPUS_ID:0035478510,Peking University,Beijing,China
SCOPUS_ID:0035602997,Peking University,Beijing,China
SCOPUS_ID:84992535785,Peking University,Beijing,China
SCOPUS_ID:84949741465,Central University of Finance,Beijing,China
SCOPUS_ID:84862102086,Peking University,Beijing,China
SCOPUS_ID:77957309690,Peking University,Beijing,China
SCOPUS_ID:85028059878,Peking University,Beijing,China
SCOPUS_ID:85009355262,Peking University,Beijing,China
SCOPUS_ID:77958077308,Peking University,Beijing,China
SCOPUS_ID:60649104698,Peking University,Beijing,China
SCOPUS_ID:60649104698,Peking University,Beijing,China
SCOPUS_ID:70349668482,Peking University,Beijing,China
SCOPUS_ID:69949141647,Peking University,Beijing,China
SCOPUS_ID:84988226801,"Shenzhen National Engineering Laboratory of Digital Television Co., Ltd","Qingshuihe, Shenzhen",China
SCOPUS_ID:84890831238,Peking University,Beijing,China
SCOPUS_ID:84890831238,Peking University,Beijing,China
SCOPUS_ID:84861141216,Peking University,Beijing,China
SCOPUS_ID:11344251247,Peking University,Beijing,China
SCOPUS_ID:11344251247,UC Irvine,Irvine,United States
SCOPUS_ID:84935008726,Pennsylvania State University,State College,United States
SCOPUS_ID:84921380613,Carnegie Observatories,Pasadena,United States
SCOPUS_ID:84921380613,Peking University,Beijing,China
SCOPUS_ID:84964757065,Peking University,Beijing,China
SCOPUS_ID:84940378279,Peking University,Beijing,China
SCOPUS_ID:85018506537,Peking University,Beijing,China
SCOPUS_ID:84932650854,Peking University,Beijing,China
SCOPUS_ID:79951803253,Peking University,Beijing,China
SCOPUS_ID:79951803253,Handelshogskolan i Stockholm,Stockholm,Sweden
SCOPUS_ID:70350710611,Peking University,Beijing,China
SCOPUS_ID:62449266415,Peking University,Beijing,China
SCOPUS_ID:84896117351,Peking University,Beijing,China
SCOPUS_ID:84862221382,Peking University,Beijing,China
SCOPUS_ID:49749153449,Peking University,Beijing,China
SCOPUS_ID:40849145449,Peking University,Beijing,China
SCOPUS_ID:84983683558,Peking University,Beijing,China
SCOPUS_ID:84903467373,Peking University,Beijing,China
SCOPUS_ID:84876381464,"China University of Geosciences, Beijing",Beijing,China
SCOPUS_ID:84863052819,China U. of Geosciences (Beijing),,China
SCOPUS_ID:85020111157,307 Hospital of PLA,Beijing,China
SCOPUS_ID:85020111157,Academy of Military Medical Science China,Beijing,China
SCOPUS_ID:84964247564,Peking University,Beijing,China
SCOPUS_ID:85025806047,Peking University,Beijing,China
SCOPUS_ID:85019886134,Peking University,Beijing,China
SCOPUS_ID:85029285670,Peking University,Beijing,China
SCOPUS_ID:85002376307,Peking University,Beijing,China
SCOPUS_ID:85009775717,Peking University,Beijing,China
SCOPUS_ID:85009775717,Collaborative Innovation Center of Quantum Matter,Beijing,China
SCOPUS_ID:84982095321,Peking University,Beijing,China
SCOPUS_ID:85021709287,Peking University,Beijing,China
SCOPUS_ID:84979220567,Peking University,Beijing,China
SCOPUS_ID:3042551382,Peking University,Beijing,China
SCOPUS_ID:5144230714,Peking University,Beijing,China
SCOPUS_ID:84994338494,Peking University,Beijing,China
SCOPUS_ID:85012078061,Peking University,Beijing,China
SCOPUS_ID:77953877457,Peking University,Beijing,China
SCOPUS_ID:77951866299,Peking University,Beijing,China
SCOPUS_ID:84946055533,Peking University,Beijing,China
SCOPUS_ID:84911367025,Peking University,Beijing,China
SCOPUS_ID:0036741463,Peking University,Beijing,China
SCOPUS_ID:0032822192,Peking University,Beijing,China
SCOPUS_ID:85014622817,Peking University,Beijing,China
SCOPUS_ID:85014622817,Institute of High Energy Physics Chinese Academy of Science,Beijing,China
SCOPUS_ID:85025836224,Peking University,Beijing,China
SCOPUS_ID:84955384361,Peking University,Beijing,China
SCOPUS_ID:77952963873,Peking University,Beijing,China
SCOPUS_ID:84893060857,Peking University,Beijing,China
SCOPUS_ID:79954938974,Peking University,Beijing,China
SCOPUS_ID:84918537629,Peking University,Beijing,China
SCOPUS_ID:84918537629,University of Science and Technology Beijing,Beijing,China
SCOPUS_ID:84918522152,Beihang University,Beijing,China
SCOPUS_ID:84918522152,Peking University,Beijing,China
SCOPUS_ID:84969883921,Peking University,Beijing,China
SCOPUS_ID:84928758652,Peking University,Beijing,China
SCOPUS_ID:84969750865,Peking University,Beijing,China
SCOPUS_ID:84870913782,Peking University,Beijing,China
SCOPUS_ID:84863288619,Peking University,Beijing,China
SCOPUS_ID:84897103741,Qingdao University,Qingdao,China
SCOPUS_ID:39049084391,Peking University,Beijing,China
SCOPUS_ID:39049084391,Sichuan University,Chengdu,China
SCOPUS_ID:36049031103,Peking University,Beijing,China
SCOPUS_ID:33847052042,Peking University,Beijing,China
SCOPUS_ID:33847052042,Yale University,New Haven,United States
SCOPUS_ID:84946531294,Peking University,Beijing,China
SCOPUS_ID:84988222748,Peking University,Beijing,China
SCOPUS_ID:84987818140,Peking University,Beijing,China
SCOPUS_ID:84952837683,Peking University,Beijing,China
SCOPUS_ID:84981725148,Peking University,Beijing,China
SCOPUS_ID:84942984006,Peking University,Beijing,China
SCOPUS_ID:85015316795,Peking University,Beijing,China
SCOPUS_ID:84920267967,Peking University,Beijing,China
SCOPUS_ID:0035953128,Peking University,Beijing,China
SCOPUS_ID:0035830744,Peking University,Beijing,China
SCOPUS_ID:84957599972,Tsinghua-Peking Center for Life Sciences,Beijing,China
SCOPUS_ID:84957599972,Tsinghua University,Beijing,China
SCOPUS_ID:0025656712,Peking University,Beijing,China
SCOPUS_ID:0023862070,Peking University,Beijing,China
SCOPUS_ID:0021053208,Peking University,Beijing,China
SCOPUS_ID:0027840508,Peking University,Beijing,China
SCOPUS_ID:0031435201,Peking University,Beijing,China
SCOPUS_ID:0030772036,Peking University,Beijing,China
SCOPUS_ID:0021652130,Peking University,Beijing,China
SCOPUS_ID:0021656886,Peking University,Beijing,China
SCOPUS_ID:33846839231,Wuhan University,Wuhan,China
SCOPUS_ID:33846839231,Peking University,Beijing,China
SCOPUS_ID:13944272634,Peking University,Beijing,China
SCOPUS_ID:13944272634,Research Center for Eco-Environmental Sciences Chinese Academy of Sciences,Beijing,China
SCOPUS_ID:84979224041,Jiangxi University of Traditional Chinese Medicine,Nanchang,China
SCOPUS_ID:84979224041,Peking University,Beijing,China
SCOPUS_ID:84901256728,Peking University,Beijing,China
SCOPUS_ID:84989165790,Peking University,Beijing,China
SCOPUS_ID:84956596573,Peking University,Beijing,China
SCOPUS_ID:84918788695,Peking University,Beijing,China
SCOPUS_ID:84912534968,Peking University,Beijing,China
SCOPUS_ID:85029026317,Peking University,Beijing,China
SCOPUS_ID:85013249563,Peking University,Beijing,China
SCOPUS_ID:84982090972,Peking University,Beijing,China
SCOPUS_ID:85008543954,"College of Chemistry and Molecular Engineering, Peking University",Beijing,China
SCOPUS_ID:84934342603,Peking University,Beijing,China
SCOPUS_ID:84863178399,Peking University,Beijing,China
SCOPUS_ID:84940493258,Peking University,Beijing,China
SCOPUS_ID:84978100365,Peking University,Beijing,China
SCOPUS_ID:85012050346,Southern Medical University,TongHe,China
SCOPUS_ID:85029414838,Tsinghua University,Beijing,China
SCOPUS_ID:85009929099,Fudan University,Shanghai,China
SCOPUS_ID:0027582835,Peking University,Beijing,China
SCOPUS_ID:0027541120,Peking University,Beijing,China
SCOPUS_ID:84929103977,Peking University,Beijing,China
SCOPUS_ID:84941136905,Peking University,Beijing,China
SCOPUS_ID:84971665320,Peking University,Beijing,China
SCOPUS_ID:84938851369,Peking University,Beijing,China
SCOPUS_ID:84938851369,Peking University,Beijing,China
SCOPUS_ID:84924520583,Peking University,Beijing,China
SCOPUS_ID:84887190515,Peking University,Beijing,China
SCOPUS_ID:85020035012,Peking University,Beijing,China
SCOPUS_ID:84911445630,Peking University,Beijing,China
SCOPUS_ID:85016966266,Peking University,Beijing,China
SCOPUS_ID:85028248262,Peking University,Beijing,China
SCOPUS_ID:85032019664,University of International Business and EcoNomics,Beijing,China
SCOPUS_ID:85032023200,Beijing Normal University,Beijing,China
SCOPUS_ID:0035411903,Peking University,Beijing,China
SCOPUS_ID:0000935015,Peking University,Beijing,China
SCOPUS_ID:7044237415,Peking University,Beijing,China
SCOPUS_ID:7044229458,Peking University,Beijing,China
SCOPUS_ID:0033141093,Peking University,Beijing,China
SCOPUS_ID:0032348348,Peking University,Beijing,China
SCOPUS_ID:0032348348,Institute of Semiconductors Chinese Academy of Sciences,Beijing,China
SCOPUS_ID:85029353425,Peking University,Beijing,China
SCOPUS_ID:85016632641,Peking University,Beijing,China
SCOPUS_ID:84994266877,Peking University,Beijing,China
SCOPUS_ID:2842525042,Peking University,Beijing,China
SCOPUS_ID:52449145638,Peking University,Beijing,China
SCOPUS_ID:79952249882,Peking University,Beijing,China
SCOPUS_ID:77953451304,Capital Medical University China,Beijing,China
SCOPUS_ID:84959568055,Peking University,Beijing,China
SCOPUS_ID:84932126413,Peking University,Beijing,China
SCOPUS_ID:85021635257,Peking University,Beijing,China
SCOPUS_ID:85020709454,Peking University,Beijing,China
SCOPUS_ID:85027222808,Peking University,Beijing,China
SCOPUS_ID:84865608515,Peking University,Beijing,China
SCOPUS_ID:85018947432,Peking University,Beijing,China
SCOPUS_ID:84995810450,Peking University,Beijing,China
SCOPUS_ID:84906918770,Peking University,Beijing,China
SCOPUS_ID:84906914042,Peking University,Beijing,China
SCOPUS_ID:84894168968,Peking University,Beijing,China
SCOPUS_ID:84876534583,Peking University,Beijing,China
SCOPUS_ID:84860185433,Peking University,Beijing,China
SCOPUS_ID:34250656983,Peking University,Beijing,China
SCOPUS_ID:84941956859,Peking University,Beijing,China
SCOPUS_ID:84992745465,Universita degli Studi di Foggia,Foggia,Italy
SCOPUS_ID:84992745465,IRCCS Casa Sollievo della Sofferenza,San Giovanni Rotondo,Italy
SCOPUS_ID:48249148651,Peking University,Beijing,China
SCOPUS_ID:85013426661,Peking University,Beijing,China
SCOPUS_ID:84887270485,Peking University,Beijing,China
SCOPUS_ID:77950671656,Peking University,Beijing,China
SCOPUS_ID:72449144241,Peking University,Beijing,China
SCOPUS_ID:84942288267,Peking University,Beijing,China
SCOPUS_ID:84940331670,Peking University,Beijing,China
SCOPUS_ID:84908116822,Beijing Normal University,Beijing,China
SCOPUS_ID:84908116822,Peking University,Beijing,China
SCOPUS_ID:84903731330,Peking University,Beijing,China
SCOPUS_ID:84904197558,Sichuan University,Chengdu,China
SCOPUS_ID:84901246595,Sichuan University,Chengdu,China
SCOPUS_ID:84901246595,Northwest University for Nationalities,Lanzhou,China
SCOPUS_ID:85029388873,Peking University,Beijing,China
SCOPUS_ID:84989890909,Peking University,Beijing,China
SCOPUS_ID:84934762193,Peking University,Beijing,China
SCOPUS_ID:84893116103,Peking University,Beijing,China
SCOPUS_ID:79952369095,Peking University,Beijing,China
SCOPUS_ID:77954598392,Peking University,Beijing,China
SCOPUS_ID:84941048588,Peking University,Beijing,China
SCOPUS_ID:84883593397,Peking University,Beijing,China
SCOPUS_ID:77955251598,Peking University,Beijing,China
SCOPUS_ID:67650071215,Peking University,Beijing,China
SCOPUS_ID:33846926556,Peking University,Beijing,China
SCOPUS_ID:42049094883,Peking University,Beijing,China
SCOPUS_ID:84911368820,Peking University,Beijing,China
SCOPUS_ID:78651495349,Department of Epidemiology,00198 Rome,
SCOPUS_ID:10444253958,Peking University,Beijing,China
SCOPUS_ID:84961927170,Peking University,Beijing,China
SCOPUS_ID:84961927170,Peking University,Beijing,China
SCOPUS_ID:0027578529,Peking University,Beijing,China
SCOPUS_ID:84956243569,Peking University,Beijing,China
SCOPUS_ID:85032332671,University Michigan Ann Arbor,Ann Arbor,United States
SCOPUS_ID:84960950714,Peking University,Beijing,China
SCOPUS_ID:84960950714,Peking University Health Science Center,Beijing,China
SCOPUS_ID:84958931972,Peking University,Beijing,China
SCOPUS_ID:84902331295,Peking University,Beijing,China
SCOPUS_ID:84862982968,Peking University,Beijing,China
SCOPUS_ID:80555128758,Peking University,Beijing,China
SCOPUS_ID:0022233718,Peking University,Beijing,China
SCOPUS_ID:0019550084,Peking University,Beijing,China
SCOPUS_ID:0028315858,Peking University,Beijing,China
SCOPUS_ID:0023457246,Peking University,Beijing,China
SCOPUS_ID:0036511102,Peking University,Beijing,China
SCOPUS_ID:0036514014,Peking University,Beijing,China
SCOPUS_ID:44749090342,Da-Yeh University,Dacun,Taiwan
SCOPUS_ID:33845490895,Peking University,Beijing,China
SCOPUS_ID:84984280734,Peking University,Beijing,China
SCOPUS_ID:4243089087,Peking University,Beijing,China
SCOPUS_ID:33645077870,Peking University,Beijing,China
SCOPUS_ID:18544388939,Peking University,Beijing,China
SCOPUS_ID:40949088624,East China Normal University,Shanghai,China
SCOPUS_ID:33750684940,East China Normal University,Shanghai,China
SCOPUS_ID:51649149992,Peking University,Beijing,China
SCOPUS_ID:51649154298,Peking University,Beijing,China
SCOPUS_ID:84956206121,Peking University,Beijing,China
SCOPUS_ID:84956229393,Peking University,Beijing,China
SCOPUS_ID:79951956387,Peking University,Beijing,China
SCOPUS_ID:70350716280,Peking University,Beijing,China
SCOPUS_ID:0031382643,Peking University,Beijing,China
SCOPUS_ID:11944274334,Peking University,Beijing,China
SCOPUS_ID:84948715439,Peking University,Beijing,China
SCOPUS_ID:84912074390,Peking University,Beijing,China
SCOPUS_ID:85025147613,Peking University,Beijing,China
SCOPUS_ID:85025147613,Southwest University of Finance and EcoNomics,Chengdu,China
SCOPUS_ID:84963851102,Peking University,Beijing,China
SCOPUS_ID:84963851102,Southwest University of Finance and EcoNomics,Chengdu,China
SCOPUS_ID:84954440431,Peking University,Beijing,China
SCOPUS_ID:84938277211,Peking University,Beijing,China
SCOPUS_ID:80052227535,Peking University,Beijing,China
SCOPUS_ID:77956066322,Peking University,Beijing,China
SCOPUS_ID:79952530643,Peking University,Beijing,China
SCOPUS_ID:53249113207,Peking University,Beijing,China
SCOPUS_ID:85027725813,Peking University,Beijing,China
SCOPUS_ID:85027725813,"College of Chemistry and Molecular Engineering, Peking University",Beijing,China
SCOPUS_ID:85026663384,"College of Chemistry and Molecular Engineering, Peking University",Beijing,China
SCOPUS_ID:36149005566,Catholic University,,China
SCOPUS_ID:84874361303,Peking University,Beijing,China
SCOPUS_ID:84868379011,Peking University,Beijing,China
SCOPUS_ID:85020690073,Peking University,Beijing,China
SCOPUS_ID:80051671520,Peking University,Beijing,China
SCOPUS_ID:34447323849,Peking University,Beijing,China
SCOPUS_ID:33747216204,Peking University,Beijing,China
SCOPUS_ID:85018166737,Peking University,Beijing,China
SCOPUS_ID:85018166737,Ministry of Education China,Beijing,China
SCOPUS_ID:85032590923,Peking University,Beijing,China
SCOPUS_ID:84924940657,Peking University,Beijing,China
SCOPUS_ID:84924940657,Peking University,Beijing,China
SCOPUS_ID:84929940608,Peking University,Beijing,China
SCOPUS_ID:85017482428,Peking University,Beijing,China
SCOPUS_ID:84950279967,Peking University,Beijing,China
SCOPUS_ID:84993977926,Peking University,Beijing,China
SCOPUS_ID:84908290981,Beijing Cancer Hospital,Beijing,China
SCOPUS_ID:84876984212,Peking University,Beijing,China
SCOPUS_ID:19844373958,Peking University,Beijing,China
SCOPUS_ID:19844373958,Max-PIanck-Institut fr Sonnensystemforschung,Katlenburg-Lindau,Germany
SCOPUS_ID:62549150330,Peking University,Beijing,China
SCOPUS_ID:33846447792,Peking University,Beijing,China
SCOPUS_ID:0027109228,Peking University,Beijing,China
SCOPUS_ID:0024646032,Peking University,Beijing,China
SCOPUS_ID:33646201967,Brain Science Institute Wako,Wako,Japan
SCOPUS_ID:84940326718,Peking University,Beijing,China
SCOPUS_ID:77952020788,Peking University,Beijing,China
SCOPUS_ID:84994130873,Peking University,Beijing,China
SCOPUS_ID:84959105363,Peking University,Beijing,China
SCOPUS_ID:34250124344,Peking University,Beijing,China
SCOPUS_ID:34250125613,Peking University,Beijing,China
SCOPUS_ID:51649141279,Peking University,Beijing,China
SCOPUS_ID:51649140572,Peking University,Beijing,China
SCOPUS_ID:84984097339,Peking University,Beijing,China
SCOPUS_ID:0024884522,Peking University,Beijing,China
SCOPUS_ID:33846912314,Capital Medical University China,Beijing,China
SCOPUS_ID:33745536402,Peking University,Beijing,China
SCOPUS_ID:84995611855,Peking University,Beijing,China
SCOPUS_ID:84995611855,Sun Yat-Sen University,Guangzhou,China
SCOPUS_ID:84900442770,Peking University,Beijing,China
SCOPUS_ID:39049193834,Peking University,Beijing,China
SCOPUS_ID:9644282959,Peking University,Beijing,China
SCOPUS_ID:84897643701,Peking University,Beijing,China
SCOPUS_ID:0034483813,Peking University,Beijing,China
SCOPUS_ID:0031961212,University of Southern California,Los Angeles,United States
SCOPUS_ID:34547256355,Peking University,Beijing,China
SCOPUS_ID:33646189823,Peking University,Beijing,China
SCOPUS_ID:85020869725,Peking University,Beijing,China
SCOPUS_ID:85020869725,Peking University,Beijing,China
SCOPUS_ID:85021698526,Peking University,Beijing,China
SCOPUS_ID:85021698526,National Engineering Laboratory for Digital and Material Technology of Stomatology,Beijing,China
SCOPUS_ID:84962523006,Peking University,Beijing,China
SCOPUS_ID:84962473621,Peking University,Beijing,China
SCOPUS_ID:0030398549,Nanyang Technological University,Singapore City,Singapore
SCOPUS_ID:36449001678,Peking University,Beijing,China
SCOPUS_ID:84984647061,Peking University,Beijing,China
SCOPUS_ID:84984647061,Peking University,Beijing,China
SCOPUS_ID:84995460801,Peking University,Beijing,China
SCOPUS_ID:85028755874,Peking University,Beijing,China
SCOPUS_ID:85028349297,Peking University,Beijing,China
SCOPUS_ID:85028349297,Peking University,Beijing,China
SCOPUS_ID:85028349297,National Urological Cancer Center,Beijing,China
SCOPUS_ID:33645916095,Peking University,Beijing,China
SCOPUS_ID:12344318038,Peking University,Beijing,China
SCOPUS_ID:12344318038,Hong Kong University of Science and Technology,Hong Kong,China
SCOPUS_ID:34548105890,Peking University,Beijing,China
SCOPUS_ID:77949918250,National Center of Neurology and Psychiatry Kodaira,Kodaira,Japan
SCOPUS_ID:56849127729,Peking University,Beijing,China
SCOPUS_ID:85031798918,Peking University,Beijing,China
SCOPUS_ID:85029368557,Peking University,Beijing,China
SCOPUS_ID:85029365809,Peking University,Beijing,China
SCOPUS_ID:84990988031,Peking University,Beijing,China
SCOPUS_ID:84941219862,Peking University,Beijing,China
SCOPUS_ID:85005842147,Peking University,Beijing,China
SCOPUS_ID:84893654617,Aerospace Center Hospital,Beijing,China
SCOPUS_ID:0242558996,Peking University,Beijing,China
SCOPUS_ID:0242558996,Peking University,Beijing,China
SCOPUS_ID:84952785908,Peking University,Beijing,China
SCOPUS_ID:84941168663,Peking University,Beijing,China
SCOPUS_ID:80054908916,Peking University,Beijing,China
SCOPUS_ID:79960415100,Peking University,Beijing,China
SCOPUS_ID:51149116114,Peking University,Beijing,China
SCOPUS_ID:45449089659,Peking University,Beijing,China
SCOPUS_ID:82255175446,Peking University,Beijing,China
SCOPUS_ID:79956101973,Peking University,Beijing,China
SCOPUS_ID:85028838847,Shanghai Institute of Organic Chemistry Chinese Academy of Sciences,Shanghai,China
SCOPUS_ID:85028838847,Chinese Academy of Sciences,Beijing,China
SCOPUS_ID:84994608338,Peking University,Beijing,China
SCOPUS_ID:85027715198,Peking University,Beijing,China
SCOPUS_ID:85009476587,Peking University,Beijing,China
SCOPUS_ID:85009476587,Institute of Geographical Sciences and Natural Resources Research Chinese Academy of Sciences,Beijing,China
SCOPUS_ID:84989787127,Peking University,Beijing,China
SCOPUS_ID:84943356333,Peking University,Beijing,China
SCOPUS_ID:84991404823,Peking University,Beijing,China
SCOPUS_ID:84929324542,Peking University,Beijing,China
SCOPUS_ID:85028863357,Peking University,Beijing,China
SCOPUS_ID:84976635156,Peking University,Beijing,China
SCOPUS_ID:70449626924,Peking University,Beijing,China
SCOPUS_ID:77952445883,Peking University,Beijing,China
SCOPUS_ID:48249119614,Peking University,Beijing,China
SCOPUS_ID:48249119614,Peking University,Beijing,China
SCOPUS_ID:48249119614,Ministry of Health of People's Republic of China,Beijing,China
SCOPUS_ID:33746054608,Peking University,Beijing,China
SCOPUS_ID:84855246220,Peking University,Beijing,China
SCOPUS_ID:44649107031,Peking University,Beijing,China
SCOPUS_ID:84897750210,Peking University,Beijing,China
SCOPUS_ID:84897750210,Peking University,Beijing,China
SCOPUS_ID:84894210393,Peking University,Beijing,China
SCOPUS_ID:79952197091,Peking University,Beijing,China
SCOPUS_ID:33745889347,Peking University,Beijing,China
